id,title,url,status,path,error,attempts,duration_s
3k_CmjWc9sQ,2025 09 11 14 03 07,https://www.youtube.com/watch?v=3k_CmjWc9sQ,ok,/var/www/html/amanda/transcripciones/3k_CmjWc9sQ - 2025 09 11 14 03 07.txt,,1,3.0702836513519287
ZJnxkojO-MA,2025 04 16 16 43 07 Marcas,https://www.youtube.com/watch?v=ZJnxkojO-MA,ok,/var/www/html/amanda/transcripciones/ZJnxkojO-MA - 2025 04 16 16 43 07 Marcas.txt,,1,2.6092820167541504
vTfbFwiv-YE,2025 04 15 16 03 12 MArcas,https://www.youtube.com/watch?v=vTfbFwiv-YE,ok,/var/www/html/amanda/transcripciones/vTfbFwiv-YE - 2025 04 15 16 03 12 MArcas.txt,,1,2.512563943862915
RYMDsoJI9dQ,2025 04 09 17 30 05 LEnguajes de marcas,https://www.youtube.com/watch?v=RYMDsoJI9dQ,ok,/var/www/html/amanda/transcripciones/RYMDsoJI9dQ - 2025 04 09 17 30 05 LEnguajes de marcas.txt,,1,2.8745648860931396
_wwr0gR50OM,2025 04 08 16 02 51 Lenguajes de marcas,https://www.youtube.com/watch?v=_wwr0gR50OM,ok,/var/www/html/amanda/transcripciones/_wwr0gR50OM - 2025 04 08 16 02 51 Lenguajes de marcas.txt,,1,2.8789703845977783
knsbivIZn60,2025 04 02 16 38 17 Marcas,https://www.youtube.com/watch?v=knsbivIZn60,ok,/var/www/html/amanda/transcripciones/knsbivIZn60 - 2025 04 02 16 38 17 Marcas.txt,,1,2.561006784439087
QmVJz3F6w9U,2025 04 01 16 01 37 Lenguajes de marcas,https://www.youtube.com/watch?v=QmVJz3F6w9U,ok,/var/www/html/amanda/transcripciones/QmVJz3F6w9U - 2025 04 01 16 01 37 Lenguajes de marcas.txt,,1,2.855644702911377
IgTkzmSZkM8,2025 03 26 17 09 39 Marcas,https://www.youtube.com/watch?v=IgTkzmSZkM8,ok,/var/www/html/amanda/transcripciones/IgTkzmSZkM8 - 2025 03 26 17 09 39 Marcas.txt,,1,2.829932928085327
cUFyrzzpJVw,2025 03 25 19 05 34   Lenguajes de marcas,https://www.youtube.com/watch?v=cUFyrzzpJVw,ok,/var/www/html/amanda/transcripciones/cUFyrzzpJVw - 2025 03 25 19 05 34 Lenguajes de marcas.txt,,1,2.8889970779418945
mzqOoR4DAXY,2025 03 25 17 59 08   Lenguajes de marcas,https://www.youtube.com/watch?v=mzqOoR4DAXY,ok,/var/www/html/amanda/transcripciones/mzqOoR4DAXY - 2025 03 25 17 59 08 Lenguajes de marcas.txt,,1,2.9873416423797607
f60PGezZe2M,2025 03 25 17 02 57   Lenguajes de marcas,https://www.youtube.com/watch?v=f60PGezZe2M,ok,/var/www/html/amanda/transcripciones/f60PGezZe2M - 2025 03 25 17 02 57 Lenguajes de marcas.txt,,1,2.7335400581359863
zZe5It450kA,2025 03 12 15 47 31 Marcas,https://www.youtube.com/watch?v=zZe5It450kA,ok,/var/www/html/amanda/transcripciones/zZe5It450kA - 2025 03 12 15 47 31 Marcas.txt,,1,2.323934555053711
C5Pyw4Mv5sQ,2025 03 11 17 40 27 Marcas,https://www.youtube.com/watch?v=C5Pyw4Mv5sQ,ok,/var/www/html/amanda/transcripciones/C5Pyw4Mv5sQ - 2025 03 11 17 40 27 Marcas.txt,,1,2.2749009132385254
OAAmyrgcrPU,2025 03 11 17 05 16 Marcas,https://www.youtube.com/watch?v=OAAmyrgcrPU,ok,/var/www/html/amanda/transcripciones/OAAmyrgcrPU - 2025 03 11 17 05 16 Marcas.txt,,1,2.733609914779663
s21jCjIGuVQ,2025 03 11 16 01 11 Marcas,https://www.youtube.com/watch?v=s21jCjIGuVQ,ok,/var/www/html/amanda/transcripciones/s21jCjIGuVQ - 2025 03 11 16 01 11 Marcas.txt,,1,3.60912823677063
f3oJTA3QjKM,2025 03 05 16 53 30 Marcas,https://www.youtube.com/watch?v=f3oJTA3QjKM,ok,/var/www/html/amanda/transcripciones/f3oJTA3QjKM - 2025 03 05 16 53 30 Marcas.txt,,1,2.2859387397766113
8zKYFwP6SeU,2025 03 04 17 21 57 Marcas,https://www.youtube.com/watch?v=8zKYFwP6SeU,ok,/var/www/html/amanda/transcripciones/8zKYFwP6SeU - 2025 03 04 17 21 57 Marcas.txt,,1,2.63318133354187
E2EVOgEiIEA,2025 03 04 16 02 31 MArcas,https://www.youtube.com/watch?v=E2EVOgEiIEA,ok,/var/www/html/amanda/transcripciones/E2EVOgEiIEA - 2025 03 04 16 02 31 MArcas.txt,,1,2.7426340579986572
1cCz6LgwkC4,2025 03 04 15 11 16 Marcas,https://www.youtube.com/watch?v=1cCz6LgwkC4,ok,/var/www/html/amanda/transcripciones/1cCz6LgwkC4 - 2025 03 04 15 11 16 Marcas.txt,,1,2.495640754699707
h8qPLVhUy5Y,2025 02 26 16 37 47 Marcas,https://www.youtube.com/watch?v=h8qPLVhUy5Y,ok,/var/www/html/amanda/transcripciones/h8qPLVhUy5Y - 2025 02 26 16 37 47 Marcas.txt,,1,2.9762768745422363
g8otUQGQHhs,2025 02 25 16 13 20 Marcas,https://www.youtube.com/watch?v=g8otUQGQHhs,ok,/var/www/html/amanda/transcripciones/g8otUQGQHhs - 2025 02 25 16 13 20 Marcas.txt,,1,2.505108118057251
wQmHJP9Q6eE,2025 02 12 18 42 42 Marcas,https://www.youtube.com/watch?v=wQmHJP9Q6eE,ok,/var/www/html/amanda/transcripciones/wQmHJP9Q6eE - 2025 02 12 18 42 42 Marcas.txt,,1,2.4823970794677734
DvVrpbghMUQ,2025 02 12 16 03 54 Marcas,https://www.youtube.com/watch?v=DvVrpbghMUQ,ok,/var/www/html/amanda/transcripciones/DvVrpbghMUQ - 2025 02 12 16 03 54 Marcas.txt,,1,3.0576860904693604
8J5cfkGiSFM,2025 02 11 16 01 59 Marcas,https://www.youtube.com/watch?v=8J5cfkGiSFM,ok,/var/www/html/amanda/transcripciones/8J5cfkGiSFM - 2025 02 11 16 01 59 Marcas.txt,,1,3.0732319355010986
dnFvugP10Ms,2025 02 05 16 11 34 Marcas,https://www.youtube.com/watch?v=dnFvugP10Ms,ok,/var/www/html/amanda/transcripciones/dnFvugP10Ms - 2025 02 05 16 11 34 Marcas.txt,,1,2.685291051864624
knilFRZwqfg,2025 01 29 17 12 34 MArcas,https://www.youtube.com/watch?v=knilFRZwqfg,ok,/var/www/html/amanda/transcripciones/knilFRZwqfg - 2025 01 29 17 12 34 MArcas.txt,,1,2.8118371963500977
K9cnpLSvvMU,2025 01 28 16 29 27 Lenguajes de marcas,https://www.youtube.com/watch?v=K9cnpLSvvMU,ok,/var/www/html/amanda/transcripciones/K9cnpLSvvMU - 2025 01 28 16 29 27 Lenguajes de marcas.txt,,1,3.6638615131378174
S4BxmkysO54,2025 01 28 16 01 10 Lenguajes de marcas,https://www.youtube.com/watch?v=S4BxmkysO54,ok,/var/www/html/amanda/transcripciones/S4BxmkysO54 - 2025 01 28 16 01 10 Lenguajes de marcas.txt,,1,2.6487879753112793
isX2y-KRA_I,2025 01 21 17 26 18 Marcas,https://www.youtube.com/watch?v=isX2y-KRA_I,ok,/var/www/html/amanda/transcripciones/isX2y-KRA_I - 2025 01 21 17 26 18 Marcas.txt,,1,2.6694700717926025
osMgDqnLQHE,2025 01 21 16 13 24 Marcas,https://www.youtube.com/watch?v=osMgDqnLQHE,ok,/var/www/html/amanda/transcripciones/osMgDqnLQHE - 2025 01 21 16 13 24 Marcas.txt,,1,2.8267064094543457
sMBjcqzwd0s,2025 01 21 16 04 35 Marcas,https://www.youtube.com/watch?v=sMBjcqzwd0s,ok,/var/www/html/amanda/transcripciones/sMBjcqzwd0s - 2025 01 21 16 04 35 Marcas.txt,,1,2.7227394580841064
1svVBH6HHxA,2025 01 15 17 30 37 Lenguajes de marcas,https://www.youtube.com/watch?v=1svVBH6HHxA,ok,/var/www/html/amanda/transcripciones/1svVBH6HHxA - 2025 01 15 17 30 37 Lenguajes de marcas.txt,,1,2.6287429332733154
KuTjWeqrfJw,2025 01 15 17 01 44 Lenguajes de marcas,https://www.youtube.com/watch?v=KuTjWeqrfJw,ok,/var/www/html/amanda/transcripciones/KuTjWeqrfJw - 2025 01 15 17 01 44 Lenguajes de marcas.txt,,1,2.315545082092285
HZFQjpNmNu4,2025 01 15 16 52 57 Lenguajes de marcas,https://www.youtube.com/watch?v=HZFQjpNmNu4,ok,/var/www/html/amanda/transcripciones/HZFQjpNmNu4 - 2025 01 15 16 52 57 Lenguajes de marcas.txt,,1,2.3297531604766846
ek3SnRqlDio,2025 01 14 16 04 01 Marcas,https://www.youtube.com/watch?v=ek3SnRqlDio,ok,/var/www/html/amanda/transcripciones/ek3SnRqlDio - 2025 01 14 16 04 01 Marcas.txt,,1,2.6709933280944824
ecEwChIjCuA,2025 01 08 18 13 48 MArcas,https://www.youtube.com/watch?v=ecEwChIjCuA,ok,/var/www/html/amanda/transcripciones/ecEwChIjCuA - 2025 01 08 18 13 48 MArcas.txt,,1,2.61641788482666
uabisqHRzws,2025 01 08 17 13 33 MArcas,https://www.youtube.com/watch?v=uabisqHRzws,ok,/var/www/html/amanda/transcripciones/uabisqHRzws - 2025 01 08 17 13 33 MArcas.txt,,1,3.191154956817627
u2k7jZ21NgA,2025 01 07 16 58 19 Marcas,https://www.youtube.com/watch?v=u2k7jZ21NgA,ok,/var/www/html/amanda/transcripciones/u2k7jZ21NgA - 2025 01 07 16 58 19 Marcas.txt,,1,2.656069040298462
47tJrpC8fRM,2025 01 07 16 01 57 Marcas,https://www.youtube.com/watch?v=47tJrpC8fRM,ok,/var/www/html/amanda/transcripciones/47tJrpC8fRM - 2025 01 07 16 01 57 Marcas.txt,,1,2.625889778137207
-wmyFk_D-vM,2024 12 18 17 10 35 Marcas,https://www.youtube.com/watch?v=-wmyFk_D-vM,ok,/var/www/html/amanda/transcripciones/-wmyFk_D-vM - 2024 12 18 17 10 35 Marcas.txt,,1,3.2189230918884277
uuMQR3C58Nk,2024 12 17 17 05 32 Marcas,https://www.youtube.com/watch?v=uuMQR3C58Nk,ok,/var/www/html/amanda/transcripciones/uuMQR3C58Nk - 2024 12 17 17 05 32 Marcas.txt,,1,2.5560460090637207
aL41FaR5kw4,2024 12 17 16 10 39 Marcas,https://www.youtube.com/watch?v=aL41FaR5kw4,ok,/var/www/html/amanda/transcripciones/aL41FaR5kw4 - 2024 12 17 16 10 39 Marcas.txt,,1,2.973217010498047
RTgntT-OxDo,2024 12 10 16 06 44 Marcas,https://www.youtube.com/watch?v=RTgntT-OxDo,ok,/var/www/html/amanda/transcripciones/RTgntT-OxDo - 2024 12 10 16 06 44 Marcas.txt,,1,2.7508838176727295
6sgUBCz0ZBU,2024 12 11 16 48 09 Marcas,https://www.youtube.com/watch?v=6sgUBCz0ZBU,ok,/var/www/html/amanda/transcripciones/6sgUBCz0ZBU - 2024 12 11 16 48 09 Marcas.txt,,1,2.919224739074707
8Bp3v2-U3qg,2024 12 10 18 08 28 Marcas,https://www.youtube.com/watch?v=8Bp3v2-U3qg,ok,/var/www/html/amanda/transcripciones/8Bp3v2-U3qg - 2024 12 10 18 08 28 Marcas.txt,,1,3.019498825073242
M0RDK1va18Y,2024 12 04 16 59 16 Marcas,https://www.youtube.com/watch?v=M0RDK1va18Y,ok,/var/www/html/amanda/transcripciones/M0RDK1va18Y - 2024 12 04 16 59 16 Marcas.txt,,1,2.7069458961486816
U590RsTYFxo,2024 12 03 16 03 54 Marcas,https://www.youtube.com/watch?v=U590RsTYFxo,other_error,,No hay subtítulos manuales ni automáticos disponibles para este vídeo.,1,2.221651554107666
N0acwXXaK2Y,2024 11 27 16 42 34 MArcas,https://www.youtube.com/watch?v=N0acwXXaK2Y,ok,/var/www/html/amanda/transcripciones/N0acwXXaK2Y - 2024 11 27 16 42 34 MArcas.txt,,1,2.675140619277954
MTgksNsUkTY,2024 11 26 17 21 08 Marcas,https://www.youtube.com/watch?v=MTgksNsUkTY,ok,/var/www/html/amanda/transcripciones/MTgksNsUkTY - 2024 11 26 17 21 08 Marcas.txt,,1,2.808107614517212
ppbYGocTQ5M,2024 11 26 16 10 22 Marcas,https://www.youtube.com/watch?v=ppbYGocTQ5M,ok,/var/www/html/amanda/transcripciones/ppbYGocTQ5M - 2024 11 26 16 10 22 Marcas.txt,,1,3.7066383361816406
UpOY9BirrfM,2024 11 13 16 48 55 Marcas,https://www.youtube.com/watch?v=UpOY9BirrfM,ok,/var/www/html/amanda/transcripciones/UpOY9BirrfM - 2024 11 13 16 48 55 Marcas.txt,,1,3.103691577911377
KQUzfX3Q-ew,2024 11 12 17 12 15 Marcas,https://www.youtube.com/watch?v=KQUzfX3Q-ew,ok,/var/www/html/amanda/transcripciones/KQUzfX3Q-ew - 2024 11 12 17 12 15 Marcas.txt,,1,2.7025938034057617
iTd2hIqs_3Q,2024 11 12 16 02 27 MArcas,https://www.youtube.com/watch?v=iTd2hIqs_3Q,ok,/var/www/html/amanda/transcripciones/iTd2hIqs_3Q - 2024 11 12 16 02 27 MArcas.txt,,1,3.444540500640869
YwPOkyUMCe8,2024 11 06 16 59 33 Marcas,https://www.youtube.com/watch?v=YwPOkyUMCe8,ok,/var/www/html/amanda/transcripciones/YwPOkyUMCe8 - 2024 11 06 16 59 33 Marcas.txt,,1,2.814122200012207
1j10qoow8P4,2024 11 05 16 06 03 MArcas,https://www.youtube.com/watch?v=1j10qoow8P4,ok,/var/www/html/amanda/transcripciones/1j10qoow8P4 - 2024 11 05 16 06 03 MArcas.txt,,1,2.8972880840301514
TDEXvYEEGi4,2024 10 29 16 09 29 Marcas,https://www.youtube.com/watch?v=TDEXvYEEGi4,ok,/var/www/html/amanda/transcripciones/TDEXvYEEGi4 - 2024 10 29 16 09 29 Marcas.txt,,1,2.5962393283843994
Uge5gAd9S9s,2024 10 23 17 02 58 MArcas,https://www.youtube.com/watch?v=Uge5gAd9S9s,ok,/var/www/html/amanda/transcripciones/Uge5gAd9S9s - 2024 10 23 17 02 58 MArcas.txt,,1,2.7975780963897705
Q5uJS2mc3vg,2024 10 22 16 41 51 Marcas,https://www.youtube.com/watch?v=Q5uJS2mc3vg,ok,/var/www/html/amanda/transcripciones/Q5uJS2mc3vg - 2024 10 22 16 41 51 Marcas.txt,,1,2.718912363052368
59nZltepp9A,2024 10 22 16 06 40 Marcas,https://www.youtube.com/watch?v=59nZltepp9A,ok,/var/www/html/amanda/transcripciones/59nZltepp9A - 2024 10 22 16 06 40 Marcas.txt,,1,3.229620933532715
IkHEvqRZykY,2024 10 16 16 38 44 Marcas,https://www.youtube.com/watch?v=IkHEvqRZykY,ok,/var/www/html/amanda/transcripciones/IkHEvqRZykY - 2024 10 16 16 38 44 Marcas.txt,,1,3.51521635055542
U3DJobR16j4,2024 10 16 16 24 11 Marcas,https://www.youtube.com/watch?v=U3DJobR16j4,ok,/var/www/html/amanda/transcripciones/U3DJobR16j4 - 2024 10 16 16 24 11 Marcas.txt,,1,3.018991231918335
pjxu6XSa8-U,2024 10 15 17 13 48 Marcas,https://www.youtube.com/watch?v=pjxu6XSa8-U,ok,/var/www/html/amanda/transcripciones/pjxu6XSa8-U - 2024 10 15 17 13 48 Marcas.txt,,1,3.0105838775634766
bx7gUcFbb1c,2024 10 15 16 57 21 Marcas,https://www.youtube.com/watch?v=bx7gUcFbb1c,ok,/var/www/html/amanda/transcripciones/bx7gUcFbb1c - 2024 10 15 16 57 21 Marcas.txt,,1,2.3506064414978027
tull0SSeJBM,2024 10 15 16 09 07 Marcas,https://www.youtube.com/watch?v=tull0SSeJBM,ok,/var/www/html/amanda/transcripciones/tull0SSeJBM - 2024 10 15 16 09 07 Marcas.txt,,1,3.0946853160858154
EsIozZx8CrA,2024 10 08 16 05 49 Marcas,https://www.youtube.com/watch?v=EsIozZx8CrA,ok,/var/www/html/amanda/transcripciones/EsIozZx8CrA - 2024 10 08 16 05 49 Marcas.txt,,1,2.820448398590088
dS_7k4fBhB4,2024 10 02 16 55 50 Marcas,https://www.youtube.com/watch?v=dS_7k4fBhB4,ok,/var/www/html/amanda/transcripciones/dS_7k4fBhB4 - 2024 10 02 16 55 50 Marcas.txt,,1,2.191514015197754
tX002hAvgvQ,2024 10 01 17 05 00 Marcas,https://www.youtube.com/watch?v=tX002hAvgvQ,ok,/var/www/html/amanda/transcripciones/tX002hAvgvQ - 2024 10 01 17 05 00 Marcas.txt,,1,2.5828847885131836
hxCq8K2XihA,2024 10 01 16 05 23 MArcas,https://www.youtube.com/watch?v=hxCq8K2XihA,ok,/var/www/html/amanda/transcripciones/hxCq8K2XihA - 2024 10 01 16 05 23 MArcas.txt,,1,2.535637140274048
VE5bB1aqEOE,2024 09 25 16 41 06 Marcas,https://www.youtube.com/watch?v=VE5bB1aqEOE,ok,/var/www/html/amanda/transcripciones/VE5bB1aqEOE - 2024 09 25 16 41 06 Marcas.txt,,1,2.549020290374756
EYXbt25Krqk,2024 09 24 17 05 47 Marcas,https://www.youtube.com/watch?v=EYXbt25Krqk,ok,/var/www/html/amanda/transcripciones/EYXbt25Krqk - 2024 09 24 17 05 47 Marcas.txt,,1,2.9126906394958496
u47-Z6stHBg,2024 09 24 16 09 29 Marcas,https://www.youtube.com/watch?v=u47-Z6stHBg,ok,/var/www/html/amanda/transcripciones/u47-Z6stHBg - 2024 09 24 16 09 29 Marcas.txt,,1,2.7382678985595703
W9nzrdUzD48,2024 09 18 17 03 49 Marcas,https://www.youtube.com/watch?v=W9nzrdUzD48,ok,/var/www/html/amanda/transcripciones/W9nzrdUzD48 - 2024 09 18 17 03 49 Marcas.txt,,1,3.1735241413116455
Jz5iEVPwl44,2024 09 17 17 09 16 Marcas,https://www.youtube.com/watch?v=Jz5iEVPwl44,ok,/var/www/html/amanda/transcripciones/Jz5iEVPwl44 - 2024 09 17 17 09 16 Marcas.txt,,1,2.7402970790863037
JxTIYIBi40I,2024 09 17 16 05 43 Marcas,https://www.youtube.com/watch?v=JxTIYIBi40I,ok,/var/www/html/amanda/transcripciones/JxTIYIBi40I - 2024 09 17 16 05 43 Marcas.txt,,1,2.410010814666748
cZPBC0bj1LU,2024 09 11 17 06 14 Marcas,https://www.youtube.com/watch?v=cZPBC0bj1LU,ok,/var/www/html/amanda/transcripciones/cZPBC0bj1LU - 2024 09 11 17 06 14 Marcas.txt,,1,3.2346949577331543
Q-vqmQGO5VU,2025 04 16 17 47 42 Entornos,https://www.youtube.com/watch?v=Q-vqmQGO5VU,ok,/var/www/html/amanda/transcripciones/Q-vqmQGO5VU - 2025 04 16 17 47 42 Entornos.txt,,1,3.2187981605529785
Qd19CT_Jdxs,2025 04 09 20 27 02 Entornos,https://www.youtube.com/watch?v=Qd19CT_Jdxs,other_error,,No hay subtítulos manuales ni automáticos disponibles para este vídeo.,1,2.551901340484619
KVphVe0-d7A,2025 04 09 19 53 20 Entornos,https://www.youtube.com/watch?v=KVphVe0-d7A,ok,/var/www/html/amanda/transcripciones/KVphVe0-d7A - 2025 04 09 19 53 20 Entornos.txt,,1,2.399092674255371
RS2rEbci1EY,2025 03 26 19 13 58 Entorno,https://www.youtube.com/watch?v=RS2rEbci1EY,ok,/var/www/html/amanda/transcripciones/RS2rEbci1EY - 2025 03 26 19 13 58 Entorno.txt,,1,2.7250823974609375
nu9XrMiqIrI,2025 03 12 17 00 07 Entornos,https://www.youtube.com/watch?v=nu9XrMiqIrI,ok,/var/www/html/amanda/transcripciones/nu9XrMiqIrI - 2025 03 12 17 00 07 Entornos.txt,,1,3.6111583709716797
PNwwDIrWTcY,2025 03 05 20 11 34 Entornos,https://www.youtube.com/watch?v=PNwwDIrWTcY,ok,/var/www/html/amanda/transcripciones/PNwwDIrWTcY - 2025 03 05 20 11 34 Entornos.txt,,1,2.8001675605773926
uHoYECCvkZQ,2025 03 05 19 36 50 Entornos,https://www.youtube.com/watch?v=uHoYECCvkZQ,ok,/var/www/html/amanda/transcripciones/uHoYECCvkZQ - 2025 03 05 19 36 50 Entornos.txt,,1,3.018646001815796
HvqG1uGaaHY,2025 02 26 19 01 17   Entornos,https://www.youtube.com/watch?v=HvqG1uGaaHY,ok,/var/www/html/amanda/transcripciones/HvqG1uGaaHY - 2025 02 26 19 01 17 Entornos.txt,,1,2.5106797218322754
ZJ4WUtXX7ng,2025 02 12 23 53 42 Entornos,https://www.youtube.com/watch?v=ZJ4WUtXX7ng,other_error,,No hay subtítulos manuales ni automáticos disponibles para este vídeo.,1,2.4338138103485107
_n1KjBImyT0,2025 02 05 19 42 01 Entornos,https://www.youtube.com/watch?v=_n1KjBImyT0,ok,/var/www/html/amanda/transcripciones/_n1KjBImyT0 - 2025 02 05 19 42 01 Entornos.txt,,1,3.1545329093933105
Ss6BwbmEqHc,2025 01 29 19 20 34 Entornos,https://www.youtube.com/watch?v=Ss6BwbmEqHc,ok,/var/www/html/amanda/transcripciones/Ss6BwbmEqHc - 2025 01 29 19 20 34 Entornos.txt,,1,2.7020833492279053
GRP4EigdGRU,2025 01 22 18 54 31 Entornos,https://www.youtube.com/watch?v=GRP4EigdGRU,ok,/var/www/html/amanda/transcripciones/GRP4EigdGRU - 2025 01 22 18 54 31 Entornos.txt,,1,3.12186336517334
GMdnXe6AgrU,2025 01 22 17 59 04 Entornos,https://www.youtube.com/watch?v=GMdnXe6AgrU,ok,/var/www/html/amanda/transcripciones/GMdnXe6AgrU - 2025 01 22 17 59 04 Entornos.txt,,1,2.7814674377441406
AFtjuORlhFE,2025 01 15 20 10 34 Entornos de desarrollo,https://www.youtube.com/watch?v=AFtjuORlhFE,ok,/var/www/html/amanda/transcripciones/AFtjuORlhFE - 2025 01 15 20 10 34 Entornos de desarrollo.txt,,1,2.586905002593994
BlAGx4IEZuM,2025 01 08 20 20 42 Entornos,https://www.youtube.com/watch?v=BlAGx4IEZuM,ok,/var/www/html/amanda/transcripciones/BlAGx4IEZuM - 2025 01 08 20 20 42 Entornos.txt,,1,3.401109218597412
CEbVwgXkV4I,2025 01 08 19 41 23 Entornos,https://www.youtube.com/watch?v=CEbVwgXkV4I,ok,/var/www/html/amanda/transcripciones/CEbVwgXkV4I - 2025 01 08 19 41 23 Entornos.txt,,1,2.600186824798584
laS3n5TuYS8,2024 12 18 20 07 51 Entornos,https://www.youtube.com/watch?v=laS3n5TuYS8,ok,/var/www/html/amanda/transcripciones/laS3n5TuYS8 - 2024 12 18 20 07 51 Entornos.txt,,1,2.4520370960235596
Bx8Iewpj2EA,2024 12 11 20 00 49 Entornos,https://www.youtube.com/watch?v=Bx8Iewpj2EA,ok,/var/www/html/amanda/transcripciones/Bx8Iewpj2EA - 2024 12 11 20 00 49 Entornos.txt,,1,3.1394827365875244
x3_0hC8xJFo,2024 12 04 20 40 17 Entornos,https://www.youtube.com/watch?v=x3_0hC8xJFo,ok,/var/www/html/amanda/transcripciones/x3_0hC8xJFo - 2024 12 04 20 40 17 Entornos.txt,,1,2.6009762287139893
kwaA3Vcbp1g,2024 12 04 20 28 44 Entornos,https://www.youtube.com/watch?v=kwaA3Vcbp1g,ok,/var/www/html/amanda/transcripciones/kwaA3Vcbp1g - 2024 12 04 20 28 44 Entornos.txt,,1,2.715118408203125
f0hTAQ6bsBc,2024 11 27 19 39 05 Entornos,https://www.youtube.com/watch?v=f0hTAQ6bsBc,ok,/var/www/html/amanda/transcripciones/f0hTAQ6bsBc - 2024 11 27 19 39 05 Entornos.txt,,1,2.7018721103668213
74HtI3AVEZw,2024 11 27 19 17 19 Entornos,https://www.youtube.com/watch?v=74HtI3AVEZw,ok,/var/www/html/amanda/transcripciones/74HtI3AVEZw - 2024 11 27 19 17 19 Entornos.txt,,1,2.6147425174713135
9gc4An0cg6c,2024 11 13 19 06 18 Entornos de desarrollo,https://www.youtube.com/watch?v=9gc4An0cg6c,ok,/var/www/html/amanda/transcripciones/9gc4An0cg6c - 2024 11 13 19 06 18 Entornos de desarrollo.txt,,1,2.9217050075531006
qNZg_uxk0mE,2024 11 13 18 16 58 Entornos de desarrollo,https://www.youtube.com/watch?v=qNZg_uxk0mE,ok,/var/www/html/amanda/transcripciones/qNZg_uxk0mE - 2024 11 13 18 16 58 Entornos de desarrollo.txt,,1,2.8481640815734863
7JsX4q7Zpxc,2024 11 06 19 29 04 Entornos,https://www.youtube.com/watch?v=7JsX4q7Zpxc,ok,/var/www/html/amanda/transcripciones/7JsX4q7Zpxc - 2024 11 06 19 29 04 Entornos.txt,,1,3.525453805923462
ukjU8f7WOX8,2024 10 24 15 59 25 Entornos de desarrollo,https://www.youtube.com/watch?v=ukjU8f7WOX8,ok,/var/www/html/amanda/transcripciones/ukjU8f7WOX8 - 2024 10 24 15 59 25 Entornos de desarrollo.txt,,1,3.8393771648406982
lDVH2sVbBrs,2024 10 16 19 22 42 Entornos,https://www.youtube.com/watch?v=lDVH2sVbBrs,ok,/var/www/html/amanda/transcripciones/lDVH2sVbBrs - 2024 10 16 19 22 42 Entornos.txt,,1,2.9771840572357178
CwWaOx1G4aU,2024 10 10 19 05 56 Entornos,https://www.youtube.com/watch?v=CwWaOx1G4aU,ok,/var/www/html/amanda/transcripciones/CwWaOx1G4aU - 2024 10 10 19 05 56 Entornos.txt,,1,3.0341970920562744
OS-SoDSprvA,2024 10 02 20 30 54 Entornos,https://www.youtube.com/watch?v=OS-SoDSprvA,ok,/var/www/html/amanda/transcripciones/OS-SoDSprvA - 2024 10 02 20 30 54 Entornos.txt,,1,2.8765649795532227
PFaL_Sa50e8,2024 10 02 20 00 04 Entornos,https://www.youtube.com/watch?v=PFaL_Sa50e8,ok,/var/www/html/amanda/transcripciones/PFaL_Sa50e8 - 2024 10 02 20 00 04 Entornos.txt,,1,2.7471518516540527
y4NwOR94LCE,2024 09 25 19 52 35 Entornos,https://www.youtube.com/watch?v=y4NwOR94LCE,ok,/var/www/html/amanda/transcripciones/y4NwOR94LCE - 2024 09 25 19 52 35 Entornos.txt,,1,2.7499284744262695
XAA6q7fcMEk,2024 09 18 20 00 23 Entornos de desarrollo,https://www.youtube.com/watch?v=XAA6q7fcMEk,ok,/var/www/html/amanda/transcripciones/XAA6q7fcMEk - 2024 09 18 20 00 23 Entornos de desarrollo.txt,,1,3.4303014278411865
eKzyz36LbKA,2024 09 11 20 03 55 Entornos de desarrollo,https://www.youtube.com/watch?v=eKzyz36LbKA,ok,/var/www/html/amanda/transcripciones/eKzyz36LbKA - 2024 09 11 20 03 55 Entornos de desarrollo.txt,,1,3.956115484237671
ESQbWn0sidk,2024 09 11 15 03 36   Programación,https://www.youtube.com/watch?v=ESQbWn0sidk,ok,/var/www/html/amanda/transcripciones/ESQbWn0sidk - 2024 09 11 15 03 36 Programación.txt,,1,2.955026388168335
CHhmqGpl09M,2024 09 12 18 03 57 Programación,https://www.youtube.com/watch?v=CHhmqGpl09M,ok,/var/www/html/amanda/transcripciones/CHhmqGpl09M - 2024 09 12 18 03 57 Programación.txt,,1,3.5693204402923584
sn6N8Pwsgiw,2024 09 18 15 04 41 Programacion,https://www.youtube.com/watch?v=sn6N8Pwsgiw,ok,/var/www/html/amanda/transcripciones/sn6N8Pwsgiw - 2024 09 18 15 04 41 Programacion.txt,,1,3.4058902263641357
2eZ6UXoqzDE,2024 09 19 18 33 44 Programacion,https://www.youtube.com/watch?v=2eZ6UXoqzDE,ok,/var/www/html/amanda/transcripciones/2eZ6UXoqzDE - 2024 09 19 18 33 44 Programacion.txt,,1,5.026760578155518
hY-gwU13pPQ,2024 09 19 18 53 21 Programacion,https://www.youtube.com/watch?v=hY-gwU13pPQ,ok,/var/www/html/amanda/transcripciones/hY-gwU13pPQ - 2024 09 19 18 53 21 Programacion.txt,,1,3.2790939807891846
hHtVzckzcsI,2024 09 25 15 03 21 Programacion,https://www.youtube.com/watch?v=hHtVzckzcsI,ok,/var/www/html/amanda/transcripciones/hHtVzckzcsI - 2024 09 25 15 03 21 Programacion.txt,,1,3.292938470840454
cf0kbzIl6is,2024 09 26 18 06 03 Programacion,https://www.youtube.com/watch?v=cf0kbzIl6is,ok,/var/www/html/amanda/transcripciones/cf0kbzIl6is - 2024 09 26 18 06 03 Programacion.txt,,1,3.2777628898620605
VfKvroANdxg,2024 10 02 15 01 08 Programacion,https://www.youtube.com/watch?v=VfKvroANdxg,ok,/var/www/html/amanda/transcripciones/VfKvroANdxg - 2024 10 02 15 01 08 Programacion.txt,,1,2.8376784324645996
GKEeIE4Xvrk,2024 10 02 15 25 19 Programacion,https://www.youtube.com/watch?v=GKEeIE4Xvrk,ok,/var/www/html/amanda/transcripciones/GKEeIE4Xvrk - 2024 10 02 15 25 19 Programacion.txt,,1,2.8744192123413086
N9Oy5KzFDPg,2024 10 02 15 57 41 Programacion,https://www.youtube.com/watch?v=N9Oy5KzFDPg,ok,/var/www/html/amanda/transcripciones/N9Oy5KzFDPg - 2024 10 02 15 57 41 Programacion.txt,,1,3.171149492263794
Dqh-AEuk1bo,2024 10 03 18 01 55 Programacion,https://www.youtube.com/watch?v=Dqh-AEuk1bo,ok,/var/www/html/amanda/transcripciones/Dqh-AEuk1bo - 2024 10 03 18 01 55 Programacion.txt,,1,3.331320285797119
uOzGkMtci58,2024 10 03 19 04 57 Programacion,https://www.youtube.com/watch?v=uOzGkMtci58,ok,/var/www/html/amanda/transcripciones/uOzGkMtci58 - 2024 10 03 19 04 57 Programacion.txt,,1,2.6170201301574707
cDiISNJi2Dg,2024 10 10 18 08 47 Programacion,https://www.youtube.com/watch?v=cDiISNJi2Dg,ok,/var/www/html/amanda/transcripciones/cDiISNJi2Dg - 2024 10 10 18 08 47 Programacion.txt,,1,3.199355363845825
g38n2lak-jc,2024 10 16 15 04 30 Programacion,https://www.youtube.com/watch?v=g38n2lak-jc,ok,/var/www/html/amanda/transcripciones/g38n2lak-jc - 2024 10 16 15 04 30 Programacion.txt,,1,3.252134084701538
nKkbvsJVsFQ,2024 10 17 18 09 23 Programacion,https://www.youtube.com/watch?v=nKkbvsJVsFQ,ok,/var/www/html/amanda/transcripciones/nKkbvsJVsFQ - 2024 10 17 18 09 23 Programacion.txt,,1,2.5260307788848877
hnuoIKxUtQA,2024 10 17 18 28 46 Programacion,https://www.youtube.com/watch?v=hnuoIKxUtQA,ok,/var/www/html/amanda/transcripciones/hnuoIKxUtQA - 2024 10 17 18 28 46 Programacion.txt,,1,3.7218503952026367
D6roDuSN9fs,2024 10 17 19 08 40 Programación,https://www.youtube.com/watch?v=D6roDuSN9fs,ok,/var/www/html/amanda/transcripciones/D6roDuSN9fs - 2024 10 17 19 08 40 Programación.txt,,1,2.7467947006225586
EAHl9h1QJtw,2024 10 23 15 06 07 Programacion,https://www.youtube.com/watch?v=EAHl9h1QJtw,ok,/var/www/html/amanda/transcripciones/EAHl9h1QJtw - 2024 10 23 15 06 07 Programacion.txt,,1,3.0081818103790283
G0O2Vj9uB_E,2024 10 23 16 28 19 Programacion,https://www.youtube.com/watch?v=G0O2Vj9uB_E,ok,/var/www/html/amanda/transcripciones/G0O2Vj9uB_E - 2024 10 23 16 28 19 Programacion.txt,,1,2.781214714050293
ln8rblg3fL8,2024 10 24 18 02 49 Programacion,https://www.youtube.com/watch?v=ln8rblg3fL8,ok,/var/www/html/amanda/transcripciones/ln8rblg3fL8 - 2024 10 24 18 02 49 Programacion.txt,,1,2.9155032634735107
tgAHjE4ZtDo,2024 10 24 19 02 31 Programacion,https://www.youtube.com/watch?v=tgAHjE4ZtDo,ok,/var/www/html/amanda/transcripciones/tgAHjE4ZtDo - 2024 10 24 19 02 31 Programacion.txt,,1,2.9382941722869873
7Ywlsh4QizI,2024 11 06 15 04 37 Programacion,https://www.youtube.com/watch?v=7Ywlsh4QizI,ok,/var/www/html/amanda/transcripciones/7Ywlsh4QizI - 2024 11 06 15 04 37 Programacion.txt,,1,2.7974448204040527
4oZ_PODkwZs,2024 11 07 18 04 00 Programacion,https://www.youtube.com/watch?v=4oZ_PODkwZs,ok,/var/www/html/amanda/transcripciones/4oZ_PODkwZs - 2024 11 07 18 04 00 Programacion.txt,,1,3.084428548812866
jaKxuu-9QVU,2024 11 13 15 01 25 Programacion,https://www.youtube.com/watch?v=jaKxuu-9QVU,ok,/var/www/html/amanda/transcripciones/jaKxuu-9QVU - 2024 11 13 15 01 25 Programacion.txt,,1,3.199647903442383
gShyQ68Xads,2024 11 14 15 32 42 Programacion,https://www.youtube.com/watch?v=gShyQ68Xads,ok,/var/www/html/amanda/transcripciones/gShyQ68Xads - 2024 11 14 15 32 42 Programacion.txt,,1,2.536254644393921
-v89bBcgmwI,2024 11 14 16 01 33 Programacion,https://www.youtube.com/watch?v=-v89bBcgmwI,ok,/var/www/html/amanda/transcripciones/-v89bBcgmwI - 2024 11 14 16 01 33 Programacion.txt,,1,2.7811505794525146
4JmyiUM659Q,2024 11 27 15 01 22 Programacion,https://www.youtube.com/watch?v=4JmyiUM659Q,ok,/var/www/html/amanda/transcripciones/4JmyiUM659Q - 2024 11 27 15 01 22 Programacion.txt,,1,2.6601109504699707
bhPKwPh2TJ0,2024 11 27 16 01 57 Programacion,https://www.youtube.com/watch?v=bhPKwPh2TJ0,ok,/var/www/html/amanda/transcripciones/bhPKwPh2TJ0 - 2024 11 27 16 01 57 Programacion.txt,,1,2.521827459335327
jkbFaSQfQQQ,2024 11 28 18 06 43 Programacion,https://www.youtube.com/watch?v=jkbFaSQfQQQ,ok,/var/www/html/amanda/transcripciones/jkbFaSQfQQQ - 2024 11 28 18 06 43 Programacion.txt,,1,3.0109167098999023
GWAenHpSI18,2024 11 28 19 09 58 Programación,https://www.youtube.com/watch?v=GWAenHpSI18,ok,/var/www/html/amanda/transcripciones/GWAenHpSI18 - 2024 11 28 19 09 58 Programación.txt,,1,2.9692156314849854
QXvQDTqoxG8,2024 12 04 15 02 23 Programacion,https://www.youtube.com/watch?v=QXvQDTqoxG8,ok,/var/www/html/amanda/transcripciones/QXvQDTqoxG8 - 2024 12 04 15 02 23 Programacion.txt,,1,3.31917667388916
85_I7KS8iFg,2024 12 05 18 03 14 Programacion,https://www.youtube.com/watch?v=85_I7KS8iFg,ok,/var/www/html/amanda/transcripciones/85_I7KS8iFg - 2024 12 05 18 03 14 Programacion.txt,,1,2.870657444000244
2qswjA_P4Jc,2024 12 11 15 01 16 Programacion,https://www.youtube.com/watch?v=2qswjA_P4Jc,ok,/var/www/html/amanda/transcripciones/2qswjA_P4Jc - 2024 12 11 15 01 16 Programacion.txt,,1,3.0105767250061035
HJURh7UkvQY,2024 12 11 16 27 04 Programacion,https://www.youtube.com/watch?v=HJURh7UkvQY,ok,/var/www/html/amanda/transcripciones/HJURh7UkvQY - 2024 12 11 16 27 04 Programacion.txt,,1,2.665386915206909
ddfPJr74VWg,2024 12 12 18 02 33 Programación,https://www.youtube.com/watch?v=ddfPJr74VWg,ok,/var/www/html/amanda/transcripciones/ddfPJr74VWg - 2024 12 12 18 02 33 Programación.txt,,1,2.8401644229888916
PEURFS6T8-8,2024 12 18 15 04 12 Programacion,https://www.youtube.com/watch?v=PEURFS6T8-8,ok,/var/www/html/amanda/transcripciones/PEURFS6T8-8 - 2024 12 18 15 04 12 Programacion.txt,,1,3.275735855102539
ElS7oLLvHWA,2024 12 19 18 02 16 Programación,https://www.youtube.com/watch?v=ElS7oLLvHWA,ok,/var/www/html/amanda/transcripciones/ElS7oLLvHWA - 2024 12 19 18 02 16 Programación.txt,,1,2.759082794189453
owp1mMKbSVA,2025 01 08 15 01 12 Programacion,https://www.youtube.com/watch?v=owp1mMKbSVA,ok,/var/www/html/amanda/transcripciones/owp1mMKbSVA - 2025 01 08 15 01 12 Programacion.txt,,1,2.7490899562835693
jwAnGXzuP34,2025 01 09 18 04 34 Programacion,https://www.youtube.com/watch?v=jwAnGXzuP34,ok,/var/www/html/amanda/transcripciones/jwAnGXzuP34 - 2025 01 09 18 04 34 Programacion.txt,,1,2.59812331199646
2_r9wyTgneM,2025 01 09 19 05 19 Programacion,https://www.youtube.com/watch?v=2_r9wyTgneM,ok,/var/www/html/amanda/transcripciones/2_r9wyTgneM - 2025 01 09 19 05 19 Programacion.txt,,1,3.1606900691986084
ExyucQpoDpQ,2025 01 15 15 01 50 Programacion,https://www.youtube.com/watch?v=ExyucQpoDpQ,ok,/var/www/html/amanda/transcripciones/ExyucQpoDpQ - 2025 01 15 15 01 50 Programacion.txt,,1,2.905458450317383
9vhu5h_ALDA,2025 01 16 18 06 38 Programacion,https://www.youtube.com/watch?v=9vhu5h_ALDA,ok,/var/www/html/amanda/transcripciones/9vhu5h_ALDA - 2025 01 16 18 06 38 Programacion.txt,,1,2.922502040863037
BlLP2yRFSqo,2025 01 15 16 14 08 Programacion,https://www.youtube.com/watch?v=BlLP2yRFSqo,ok,/var/www/html/amanda/transcripciones/BlLP2yRFSqo - 2025 01 15 16 14 08 Programacion.txt,,1,2.711056709289551
OvVYxW87b4s,2025 01 22 15 02 37 Programacion,https://www.youtube.com/watch?v=OvVYxW87b4s,ok,/var/www/html/amanda/transcripciones/OvVYxW87b4s - 2025 01 22 15 02 37 Programacion.txt,,1,2.8573110103607178
mG6hetLqeoE,2025 01 22 16 45 25 Programacion,https://www.youtube.com/watch?v=mG6hetLqeoE,ok,/var/www/html/amanda/transcripciones/mG6hetLqeoE - 2025 01 22 16 45 25 Programacion.txt,,1,2.939354658126831
7Zo66RSfSb0,2025 01 23 18 02 17 Programacion,https://www.youtube.com/watch?v=7Zo66RSfSb0,ok,/var/www/html/amanda/transcripciones/7Zo66RSfSb0 - 2025 01 23 18 02 17 Programacion.txt,,1,2.517256021499634
9_bOZani1PQ,2025 01 23 19 05 04 Programacion,https://www.youtube.com/watch?v=9_bOZani1PQ,ok,/var/www/html/amanda/transcripciones/9_bOZani1PQ - 2025 01 23 19 05 04 Programacion.txt,,1,3.090587854385376
dI20oGe5G4U,2025 02 06 19 06 46 Programacion,https://www.youtube.com/watch?v=dI20oGe5G4U,ok,/var/www/html/amanda/transcripciones/dI20oGe5G4U - 2025 02 06 19 06 46 Programacion.txt,,1,3.1321961879730225
mlpSBTRl6bw,2025 02 06 18 13 58 Programacion,https://www.youtube.com/watch?v=mlpSBTRl6bw,ok,/var/www/html/amanda/transcripciones/mlpSBTRl6bw - 2025 02 06 18 13 58 Programacion.txt,,1,2.9866654872894287
eIELyXnJLng,2025 02 05 15 42 28 Programacion,https://www.youtube.com/watch?v=eIELyXnJLng,ok,/var/www/html/amanda/transcripciones/eIELyXnJLng - 2025 02 05 15 42 28 Programacion.txt,,1,2.6385278701782227
98_I40jhCIU,2025 01 30 18 00 08 Programacion,https://www.youtube.com/watch?v=98_I40jhCIU,ok,/var/www/html/amanda/transcripciones/98_I40jhCIU - 2025 01 30 18 00 08 Programacion.txt,,1,3.0022785663604736
koAOa8xIyV0,2025 01 29 15 01 19 Programacion,https://www.youtube.com/watch?v=koAOa8xIyV0,ok,/var/www/html/amanda/transcripciones/koAOa8xIyV0 - 2025 01 29 15 01 19 Programacion.txt,,1,2.892871856689453
nrQCyEZRibI,2025 01 29 16 21 13 Programacion,https://www.youtube.com/watch?v=nrQCyEZRibI,ok,/var/www/html/amanda/transcripciones/nrQCyEZRibI - 2025 01 29 16 21 13 Programacion.txt,,1,2.8089792728424072
u8bZz20Sr9E,2025 02 27 19 27 07 Programacion,https://www.youtube.com/watch?v=u8bZz20Sr9E,ok,/var/www/html/amanda/transcripciones/u8bZz20Sr9E - 2025 02 27 19 27 07 Programacion.txt,,1,2.674530029296875
vQn7jM7nMqk,2025 02 26 15 32 27 Programacion,https://www.youtube.com/watch?v=vQn7jM7nMqk,ok,/var/www/html/amanda/transcripciones/vQn7jM7nMqk - 2025 02 26 15 32 27 Programacion.txt,,1,2.7058470249176025
quQCHVJxCN4,2025 02 26 15 02 19 Programacion,https://www.youtube.com/watch?v=quQCHVJxCN4,ok,/var/www/html/amanda/transcripciones/quQCHVJxCN4 - 2025 02 26 15 02 19 Programacion.txt,,1,2.4059829711914062
xT26KQvtApA,2025 02 13 18 05 39 Programacion,https://www.youtube.com/watch?v=xT26KQvtApA,ok,/var/www/html/amanda/transcripciones/xT26KQvtApA - 2025 02 13 18 05 39 Programacion.txt,,1,3.0272603034973145
pDq4UZskk6I,2025 02 12 15 03 46 Programacion,https://www.youtube.com/watch?v=pDq4UZskk6I,ok,/var/www/html/amanda/transcripciones/pDq4UZskk6I - 2025 02 12 15 03 46 Programacion.txt,,1,2.5450949668884277
9c626rm76QY,2025 03 05 15 03 18 Programacion,https://www.youtube.com/watch?v=9c626rm76QY,ok,/var/www/html/amanda/transcripciones/9c626rm76QY - 2025 03 05 15 03 18 Programacion.txt,,1,2.84448504447937
2QDtVxmRdUQ,2025 03 06 15 43 47 Programacion,https://www.youtube.com/watch?v=2QDtVxmRdUQ,ok,/var/www/html/amanda/transcripciones/2QDtVxmRdUQ - 2025 03 06 15 43 47 Programacion.txt,,1,2.4988644123077393
r39lf6Nrpdw,2025 03 12 15 10 47 Programacion,https://www.youtube.com/watch?v=r39lf6Nrpdw,ok,/var/www/html/amanda/transcripciones/r39lf6Nrpdw - 2025 03 12 15 10 47 Programacion.txt,,1,2.797532796859741
Cs0KQg-Hh5c,2025 03 13 18 04 08 Programacion,https://www.youtube.com/watch?v=Cs0KQg-Hh5c,ok,/var/www/html/amanda/transcripciones/Cs0KQg-Hh5c - 2025 03 13 18 04 08 Programacion.txt,,1,2.910538673400879
Vk7ZkWBUuE0,2025 03 20 18 05 57 Programacion,https://www.youtube.com/watch?v=Vk7ZkWBUuE0,ok,/var/www/html/amanda/transcripciones/Vk7ZkWBUuE0 - 2025 03 20 18 05 57 Programacion.txt,,1,2.55574107170105
sA1YEzolpG0,2025 03 20 18 43 51 Programacion,https://www.youtube.com/watch?v=sA1YEzolpG0,ok,/var/www/html/amanda/transcripciones/sA1YEzolpG0 - 2025 03 20 18 43 51 Programacion.txt,,1,2.571160316467285
abnUBQhbSco,2025 03 26 15 01 26 Programacion,https://www.youtube.com/watch?v=abnUBQhbSco,ok,/var/www/html/amanda/transcripciones/abnUBQhbSco - 2025 03 26 15 01 26 Programacion.txt,,1,2.8660988807678223
SuAAvbK732s,2025 03 27 19 07 09 Programacion,https://www.youtube.com/watch?v=SuAAvbK732s,ok,/var/www/html/amanda/transcripciones/SuAAvbK732s - 2025 03 27 19 07 09 Programacion.txt,,1,2.678615093231201
eiL4JRPM93w,2025 04 02 15 02 03 Programacion,https://www.youtube.com/watch?v=eiL4JRPM93w,ok,/var/www/html/amanda/transcripciones/eiL4JRPM93w - 2025 04 02 15 02 03 Programacion.txt,,1,2.829817771911621
GAwZFPU0KLA,2025 04 03 18 06 08 Programacion,https://www.youtube.com/watch?v=GAwZFPU0KLA,ok,/var/www/html/amanda/transcripciones/GAwZFPU0KLA - 2025 04 03 18 06 08 Programacion.txt,,1,2.700777053833008
EVM5RcVFH10,2025 03 27 18 03 16 Programacion,https://www.youtube.com/watch?v=EVM5RcVFH10,ok,/var/www/html/amanda/transcripciones/EVM5RcVFH10 - 2025 03 27 18 03 16 Programacion.txt,,1,2.807093620300293
K8m5rWUQDPs,2025 04 09 15 00 40 Programacion,https://www.youtube.com/watch?v=K8m5rWUQDPs,ok,/var/www/html/amanda/transcripciones/K8m5rWUQDPs - 2025 04 09 15 00 40 Programacion.txt,,1,3.091939687728882
dHElHQ5K6Xo,2025 04 10 18 12 37 Programacion,https://www.youtube.com/watch?v=dHElHQ5K6Xo,ok,/var/www/html/amanda/transcripciones/dHElHQ5K6Xo - 2025 04 10 18 12 37 Programacion.txt,,1,2.641012668609619
yL-sF5LaLAM,2025 04 16 15 04 48 Programacion,https://www.youtube.com/watch?v=yL-sF5LaLAM,ok,/var/www/html/amanda/transcripciones/yL-sF5LaLAM - 2025 04 16 15 04 48 Programacion.txt,,1,2.6766271591186523
b7yGHH-cUVQ,2025 04 10 19 05 56 Proyecto interdisciplinar,https://www.youtube.com/watch?v=b7yGHH-cUVQ,ok,/var/www/html/amanda/transcripciones/b7yGHH-cUVQ - 2025 04 10 19 05 56 Proyecto interdisciplinar.txt,,1,2.648236036300659
oH8-0M5DCT0,2025 04 03 19 06 19 Proyecto intermodular,https://www.youtube.com/watch?v=oH8-0M5DCT0,ok,/var/www/html/amanda/transcripciones/oH8-0M5DCT0 - 2025 04 03 19 06 19 Proyecto intermodular.txt,,1,2.3861865997314453
beGKr-wXqrU,2025 03 27 19 32 21 Proyecto intermodular,https://www.youtube.com/watch?v=beGKr-wXqrU,ok,/var/www/html/amanda/transcripciones/beGKr-wXqrU - 2025 03 27 19 32 21 Proyecto intermodular.txt,,1,2.8429110050201416
27jbqVhXLRA,2025 03 20 19 11 21 Proyecto intermodular,https://www.youtube.com/watch?v=27jbqVhXLRA,ok,/var/www/html/amanda/transcripciones/27jbqVhXLRA - 2025 03 20 19 11 21 Proyecto intermodular.txt,,1,2.193964719772339
NCrxOeq1SzQ,2025 03 13 19 07 25 Intermodular,https://www.youtube.com/watch?v=NCrxOeq1SzQ,ok,/var/www/html/amanda/transcripciones/NCrxOeq1SzQ - 2025 03 13 19 07 25 Intermodular.txt,,1,2.9528865814208984
wmzKliHTZKI,2025 03 06 19 21 51 Proyecto interdisciplinar,https://www.youtube.com/watch?v=wmzKliHTZKI,ok,/var/www/html/amanda/transcripciones/wmzKliHTZKI - 2025 03 06 19 21 51 Proyecto interdisciplinar.txt,,1,2.5221798419952393
Yum4NUXaSRE,2025 02 27 19 42 02 Proyecto intermodular,https://www.youtube.com/watch?v=Yum4NUXaSRE,ok,/var/www/html/amanda/transcripciones/Yum4NUXaSRE - 2025 02 27 19 42 02 Proyecto intermodular.txt,,1,2.7769031524658203
y_Yx5jR5h1I,2025 02 06 19 56 13 Proyecto intermodular,https://www.youtube.com/watch?v=y_Yx5jR5h1I,ok,/var/www/html/amanda/transcripciones/y_Yx5jR5h1I - 2025 02 06 19 56 13 Proyecto intermodular.txt,,1,2.376383066177368
WS404tR6g7o,2025 01 30 20 02 20 Proyecto intermodular,https://www.youtube.com/watch?v=WS404tR6g7o,ok,/var/www/html/amanda/transcripciones/WS404tR6g7o - 2025 01 30 20 02 20 Proyecto intermodular.txt,,1,2.2409846782684326
frUfuMvQUJQ,2025 01 23 20 23 29 Proyecto interdisciplinar,https://www.youtube.com/watch?v=frUfuMvQUJQ,other_error,,No hay subtítulos manuales ni automáticos disponibles para este vídeo.,1,2.096679925918579
giUJUQTGQjU,2025 01 16 19 55 01 Proyecto intermodular,https://www.youtube.com/watch?v=giUJUQTGQjU,ok,/var/www/html/amanda/transcripciones/giUJUQTGQjU - 2025 01 16 19 55 01 Proyecto intermodular.txt,,1,2.2680633068084717
zxa6A-AF9Lo,2025 01 09 19 29 37 Proyecto intermodular,https://www.youtube.com/watch?v=zxa6A-AF9Lo,ok,/var/www/html/amanda/transcripciones/zxa6A-AF9Lo - 2025 01 09 19 29 37 Proyecto intermodular.txt,,1,2.5758557319641113
bS1HUBg5SxE,2024 12 19 19 05 22 Proyecto intermodular,https://www.youtube.com/watch?v=bS1HUBg5SxE,ok,/var/www/html/amanda/transcripciones/bS1HUBg5SxE - 2024 12 19 19 05 22 Proyecto intermodular.txt,,1,2.6657097339630127
IN4zMMPK-BA,2024 12 05 19 38 13 Proyecto intermodular,https://www.youtube.com/watch?v=IN4zMMPK-BA,ok,/var/www/html/amanda/transcripciones/IN4zMMPK-BA - 2024 12 05 19 38 13 Proyecto intermodular.txt,,1,2.716848611831665
xdmKk0Rskh4,2024 11 28 20 01 05 Proyecto interdisciplinar,https://www.youtube.com/watch?v=xdmKk0Rskh4,ok,/var/www/html/amanda/transcripciones/xdmKk0Rskh4 - 2024 11 28 20 01 05 Proyecto interdisciplinar.txt,,1,2.4294545650482178
XK9hx64t4IE,2024 11 14 18 03 57 Proyecto intermodular,https://www.youtube.com/watch?v=XK9hx64t4IE,ok,/var/www/html/amanda/transcripciones/XK9hx64t4IE - 2024 11 14 18 03 57 Proyecto intermodular.txt,,1,2.7325923442840576
kBRRsnX1-Lk,2024 11 07 19 13 15 Proyecto intermodular,https://www.youtube.com/watch?v=kBRRsnX1-Lk,ok,/var/www/html/amanda/transcripciones/kBRRsnX1-Lk - 2024 11 07 19 13 15 Proyecto intermodular.txt,,1,2.784700632095337
as1gCkyUJsM,2024 10 23 19 00 05 Proyecto interdisciplinar,https://www.youtube.com/watch?v=as1gCkyUJsM,ok,/var/www/html/amanda/transcripciones/as1gCkyUJsM - 2024 10 23 19 00 05 Proyecto interdisciplinar.txt,,1,2.6582560539245605
1pky5c5XObc,2024 10 17 19 46 44 Proyecto,https://www.youtube.com/watch?v=1pky5c5XObc,ok,/var/www/html/amanda/transcripciones/1pky5c5XObc - 2024 10 17 19 46 44 Proyecto.txt,,1,2.6819677352905273
-RDOj4L_tbQ,2024 10 10 19 37 12 Proyecto interdisciplinar,https://www.youtube.com/watch?v=-RDOj4L_tbQ,ok,/var/www/html/amanda/transcripciones/-RDOj4L_tbQ - 2024 10 10 19 37 12 Proyecto interdisciplinar.txt,,1,2.8796300888061523
7kEKJr_eFo4,2024 10 03 19 37 57 Proyecto interdisciplinar,https://www.youtube.com/watch?v=7kEKJr_eFo4,ok,/var/www/html/amanda/transcripciones/7kEKJr_eFo4 - 2024 10 03 19 37 57 Proyecto interdisciplinar.txt,,1,2.7433412075042725
0GIWmbes4r4,2024 09 26 19 06 16 Proyecto interdisciplinar,https://www.youtube.com/watch?v=0GIWmbes4r4,ok,/var/www/html/amanda/transcripciones/0GIWmbes4r4 - 2024 09 26 19 06 16 Proyecto interdisciplinar.txt,,1,2.853367328643799
9y6e4u9zdM4,2024 09 19 20 16 22 Proyecto interdisciplinar,https://www.youtube.com/watch?v=9y6e4u9zdM4,ok,/var/www/html/amanda/transcripciones/9y6e4u9zdM4 - 2024 09 19 20 16 22 Proyecto interdisciplinar.txt,,1,2.7379024028778076
HEHuwFNd-_U,2024 09 19 19 44 59 Proyecto interdisciplinar,https://www.youtube.com/watch?v=HEHuwFNd-_U,ok,/var/www/html/amanda/transcripciones/HEHuwFNd-_U - 2024 09 19 19 44 59 Proyecto interdisciplinar.txt,,1,2.7147927284240723
Kk0rK1qNzho,2024 09 12 19 49 39 Proyecto interdisciplinar,https://www.youtube.com/watch?v=Kk0rK1qNzho,ok,/var/www/html/amanda/transcripciones/Kk0rK1qNzho - 2024 09 12 19 49 39 Proyecto interdisciplinar.txt,,1,3.0469205379486084
0f_x-UW1-Xo,[Deleted video],https://www.youtube.com/watch?v=0f_x-UW1-Xo,other_error,,No hay subtítulos manuales ni automáticos disponibles para este vídeo.,1,1.0506150722503662
o35sktdIgqQ,2025 04 10 18 01 23 Sistemas informáticos,https://www.youtube.com/watch?v=o35sktdIgqQ,ok,/var/www/html/amanda/transcripciones/o35sktdIgqQ - 2025 04 10 18 01 23 Sistemas informáticos.txt,,1,2.781510591506958
fJ5aJnuoWsU,2025 04 10 15 08 41 Sistemas informaticos,https://www.youtube.com/watch?v=fJ5aJnuoWsU,ok,/var/www/html/amanda/transcripciones/fJ5aJnuoWsU - 2025 04 10 15 08 41 Sistemas informaticos.txt,,1,2.5885331630706787
HJZZwaZb2Kc,2025 04 03 15 02 21 Sistemas,https://www.youtube.com/watch?v=HJZZwaZb2Kc,ok,/var/www/html/amanda/transcripciones/HJZZwaZb2Kc - 2025 04 03 15 02 21 Sistemas.txt,,1,2.4671483039855957
5npi2bsDfnM,2025 03 27 16 30 16 Sistemas,https://www.youtube.com/watch?v=5npi2bsDfnM,ok,/var/www/html/amanda/transcripciones/5npi2bsDfnM - 2025 03 27 16 30 16 Sistemas.txt,,1,2.8116416931152344
FcvDkwUpTqw,2025 03 27 15 00 15 Sistemas,https://www.youtube.com/watch?v=FcvDkwUpTqw,ok,/var/www/html/amanda/transcripciones/FcvDkwUpTqw - 2025 03 27 15 00 15 Sistemas.txt,,1,2.676919937133789
1kdiqXABfp0,2025 03 20 15 52 32 SSII,https://www.youtube.com/watch?v=1kdiqXABfp0,ok,/var/www/html/amanda/transcripciones/1kdiqXABfp0 - 2025 03 20 15 52 32 SSII.txt,,1,2.2665064334869385
rjSBZJWsspM,2025 03 20 15 02 20 SSII,https://www.youtube.com/watch?v=rjSBZJWsspM,ok,/var/www/html/amanda/transcripciones/rjSBZJWsspM - 2025 03 20 15 02 20 SSII.txt,,1,2.7184948921203613
RvvzTuxeBig,2025 03 13 14 57 37 SSII,https://www.youtube.com/watch?v=RvvzTuxeBig,ok,/var/www/html/amanda/transcripciones/RvvzTuxeBig - 2025 03 13 14 57 37 SSII.txt,,1,3.0264856815338135
X7T24RHaqAk,2025 03 06 15 05 01 SSII,https://www.youtube.com/watch?v=X7T24RHaqAk,ok,/var/www/html/amanda/transcripciones/X7T24RHaqAk - 2025 03 06 15 05 01 SSII.txt,,1,2.474724531173706
M8szwsyYgAY,2025 02 27 18 41 20 Sistemas,https://www.youtube.com/watch?v=M8szwsyYgAY,ok,/var/www/html/amanda/transcripciones/M8szwsyYgAY - 2025 02 27 18 41 20 Sistemas.txt,,1,2.5415871143341064
iVOZAHnx0yM,2025 02 06 15 04 05 Sistemas informaticos,https://www.youtube.com/watch?v=iVOZAHnx0yM,ok,/var/www/html/amanda/transcripciones/iVOZAHnx0yM - 2025 02 06 15 04 05 Sistemas informaticos.txt,,1,2.666445255279541
oRvKz2FdimU,2025 01 30 14 59 09 Sistemas informaticos,https://www.youtube.com/watch?v=oRvKz2FdimU,ok,/var/www/html/amanda/transcripciones/oRvKz2FdimU - 2025 01 30 14 59 09 Sistemas informaticos.txt,,1,2.93135666847229
MzGvd0qyeaM,2025 01 23 16 36 34 Sistemas informáticos,https://www.youtube.com/watch?v=MzGvd0qyeaM,ok,/var/www/html/amanda/transcripciones/MzGvd0qyeaM - 2025 01 23 16 36 34 Sistemas informáticos.txt,,1,2.3672289848327637
HQT2SfinLkk,2025 01 23 15 00 47 Sistemas informáticos,https://www.youtube.com/watch?v=HQT2SfinLkk,ok,/var/www/html/amanda/transcripciones/HQT2SfinLkk - 2025 01 23 15 00 47 Sistemas informáticos.txt,,1,2.7440285682678223
rlsWVbzoO6A,2025 01 16 15 04 11 Sistemas informaticos,https://www.youtube.com/watch?v=rlsWVbzoO6A,ok,/var/www/html/amanda/transcripciones/rlsWVbzoO6A - 2025 01 16 15 04 11 Sistemas informaticos.txt,,1,2.4081103801727295
uVYZ3Z_p2do,2025 01 09 16 23 21 Sistemas informáticos,https://www.youtube.com/watch?v=uVYZ3Z_p2do,ok,/var/www/html/amanda/transcripciones/uVYZ3Z_p2do - 2025 01 09 16 23 21 Sistemas informáticos.txt,,1,2.4237375259399414
wg_HmM-lZiY,2025 01 09 15 03 14 Sistemas informáticos,https://www.youtube.com/watch?v=wg_HmM-lZiY,ok,/var/www/html/amanda/transcripciones/wg_HmM-lZiY - 2025 01 09 15 03 14 Sistemas informáticos.txt,,1,2.5576367378234863
RCSCxDeualM,2024 12 19 16 08 24 SSII,https://www.youtube.com/watch?v=RCSCxDeualM,ok,/var/www/html/amanda/transcripciones/RCSCxDeualM - 2024 12 19 16 08 24 SSII.txt,,1,2.427530288696289
9ew1SqXZOQo,2024 12 19 15 03 16 SSII,https://www.youtube.com/watch?v=9ew1SqXZOQo,ok,/var/www/html/amanda/transcripciones/9ew1SqXZOQo - 2024 12 19 15 03 16 SSII.txt,,1,2.812628984451294
mHXnImmMxh4,2024 12 12 15 03 01 Sistemas informáticos,https://www.youtube.com/watch?v=mHXnImmMxh4,ok,/var/www/html/amanda/transcripciones/mHXnImmMxh4 - 2024 12 12 15 03 01 Sistemas informáticos.txt,,1,2.784292697906494
J0M9oqzXyWk,2024 12 05 15 06 53 Sistemas informáticos,https://www.youtube.com/watch?v=J0M9oqzXyWk,ok,/var/www/html/amanda/transcripciones/J0M9oqzXyWk - 2024 12 05 15 06 53 Sistemas informáticos.txt,,1,2.6436502933502197
S7YaVuGFsOM,2024 11 28 15 02 53 Sistemas informáticos,https://www.youtube.com/watch?v=S7YaVuGFsOM,ok,/var/www/html/amanda/transcripciones/S7YaVuGFsOM - 2024 11 28 15 02 53 Sistemas informáticos.txt,,1,2.6119132041931152
Br9grb7qbOg,2024 11 14 15 01 50 Sistemas informaticos,https://www.youtube.com/watch?v=Br9grb7qbOg,ok,/var/www/html/amanda/transcripciones/Br9grb7qbOg - 2024 11 14 15 01 50 Sistemas informaticos.txt,,1,2.1980948448181152
oEWIJ1nmBI4,2024 11 07 16 45 39 Sistemas informaticos,https://www.youtube.com/watch?v=oEWIJ1nmBI4,other_error,,No hay subtítulos manuales ni automáticos disponibles para este vídeo.,1,2.0659003257751465
upde-2QbEa0,2024 11 07 16 25 47 Sistemas informaticos,https://www.youtube.com/watch?v=upde-2QbEa0,ok,/var/www/html/amanda/transcripciones/upde-2QbEa0 - 2024 11 07 16 25 47 Sistemas informaticos.txt,,1,2.3025193214416504
UqQDZNYro_0,2024 11 07 15 05 55 Sistemas informaticos,https://www.youtube.com/watch?v=UqQDZNYro_0,ok,/var/www/html/amanda/transcripciones/UqQDZNYro_0 - 2024 11 07 15 05 55 Sistemas informaticos.txt,,1,2.911466360092163
DWDyuVqUliw,2024 10 24 15 03 16 Sistemas informaticos,https://www.youtube.com/watch?v=DWDyuVqUliw,ok,/var/www/html/amanda/transcripciones/DWDyuVqUliw - 2024 10 24 15 03 16 Sistemas informaticos.txt,,1,2.4612200260162354
xkWY2KXuFFU,2024 10 17 15 05 30 Sistemas,https://www.youtube.com/watch?v=xkWY2KXuFFU,ok,/var/www/html/amanda/transcripciones/xkWY2KXuFFU - 2024 10 17 15 05 30 Sistemas.txt,,1,2.572323799133301
0p7TDPSQCB4,2024 10 10 15 24 01 Sistemas infromaticos,https://www.youtube.com/watch?v=0p7TDPSQCB4,ok,/var/www/html/amanda/transcripciones/0p7TDPSQCB4 - 2024 10 10 15 24 01 Sistemas infromaticos.txt,,1,2.4667868614196777
-X8c8L_s1Mg,2024 10 10 15 02 28 Sistemas informaticos,https://www.youtube.com/watch?v=-X8c8L_s1Mg,ok,/var/www/html/amanda/transcripciones/-X8c8L_s1Mg - 2024 10 10 15 02 28 Sistemas informaticos.txt,,1,2.3579022884368896
xt1JsqIfpXw,2024 10 03 16 25 47 Sistemas informáticos,https://www.youtube.com/watch?v=xt1JsqIfpXw,ok,/var/www/html/amanda/transcripciones/xt1JsqIfpXw - 2024 10 03 16 25 47 Sistemas informáticos.txt,,1,2.4928455352783203
KsnT1odrggk,2024 10 03 15 03 01 Sistemas informaticos,https://www.youtube.com/watch?v=KsnT1odrggk,ok,/var/www/html/amanda/transcripciones/KsnT1odrggk - 2024 10 03 15 03 01 Sistemas informaticos.txt,,1,2.465524196624756
-wFhlG25vrw,2024 09 26 15 57 04 Sistemas,https://www.youtube.com/watch?v=-wFhlG25vrw,ok,/var/www/html/amanda/transcripciones/-wFhlG25vrw - 2024 09 26 15 57 04 Sistemas.txt,,1,2.4249629974365234
pFhkYA5iH0E,2024 09 26 15 03 13 Sistemas,https://www.youtube.com/watch?v=pFhkYA5iH0E,ok,/var/www/html/amanda/transcripciones/pFhkYA5iH0E - 2024 09 26 15 03 13 Sistemas.txt,,1,2.1947848796844482
QLiNPAnO0Lc,2024 09 19 15 00 05 Sistemas informatico,https://www.youtube.com/watch?v=QLiNPAnO0Lc,ok,/var/www/html/amanda/transcripciones/QLiNPAnO0Lc - 2024 09 19 15 00 05 Sistemas informatico.txt,,1,2.6334073543548584
I0HxH4uTdAw,2024 09 12 15 01 12 Sistemas informáticos,https://www.youtube.com/watch?v=I0HxH4uTdAw,ok,/var/www/html/amanda/transcripciones/I0HxH4uTdAw - 2024 09 12 15 01 12 Sistemas informáticos.txt,,1,2.5649893283843994
X_dphfcfkPQ,2024 09 11 18 01 55 Bases de datos,https://www.youtube.com/watch?v=X_dphfcfkPQ,ok,/var/www/html/amanda/transcripciones/X_dphfcfkPQ - 2024 09 11 18 01 55 Bases de datos.txt,,1,2.5611157417297363
jRPAK9b636M,2024 09 18 17 56 04 Bases de datos,https://www.youtube.com/watch?v=jRPAK9b636M,ok,/var/www/html/amanda/transcripciones/jRPAK9b636M - 2024 09 18 17 56 04 Bases de datos.txt,,1,2.5291454792022705
pW8NKH5j9Yk,2024 09 25 17 59 15 Bases de datos,https://www.youtube.com/watch?v=pW8NKH5j9Yk,ok,/var/www/html/amanda/transcripciones/pW8NKH5j9Yk - 2024 09 25 17 59 15 Bases de datos.txt,,1,2.6872754096984863
2LNLXovWywI,2024 10 02 17 54 31 Bases de datos,https://www.youtube.com/watch?v=2LNLXovWywI,ok,/var/www/html/amanda/transcripciones/2LNLXovWywI - 2024 10 02 17 54 31 Bases de datos.txt,,1,2.576730728149414
Ra28j3GENfg,2024 10 02 18 55 55 Bases de datos,https://www.youtube.com/watch?v=Ra28j3GENfg,ok,/var/www/html/amanda/transcripciones/Ra28j3GENfg - 2024 10 02 18 55 55 Bases de datos.txt,,1,2.6803085803985596
1OaTalvLWD8,2024 10 10 15 58 52 Bases de datos,https://www.youtube.com/watch?v=1OaTalvLWD8,ok,/var/www/html/amanda/transcripciones/1OaTalvLWD8 - 2024 10 10 15 58 52 Bases de datos.txt,,1,2.3313329219818115
3He-zguuSB4,2024 10 10 16 11 30 Bases de datos,https://www.youtube.com/watch?v=3He-zguuSB4,ok,/var/www/html/amanda/transcripciones/3He-zguuSB4 - 2024 10 10 16 11 30 Bases de datos.txt,,1,2.3449270725250244
B0zXtpEuJK0,2024 10 16 18 01 14 Bases de datos,https://www.youtube.com/watch?v=B0zXtpEuJK0,ok,/var/www/html/amanda/transcripciones/B0zXtpEuJK0 - 2024 10 16 18 01 14 Bases de datos.txt,,1,2.434298276901245
kS93u73PkTY,2024 10 23 17 59 12 Bases de datos,https://www.youtube.com/watch?v=kS93u73PkTY,ok,/var/www/html/amanda/transcripciones/kS93u73PkTY - 2024 10 23 17 59 12 Bases de datos.txt,,1,2.741152763366699
bgw7AT0EPUU,2024 11 06 18 08 15 Bases de datos,https://www.youtube.com/watch?v=bgw7AT0EPUU,ok,/var/www/html/amanda/transcripciones/bgw7AT0EPUU - 2024 11 06 18 08 15 Bases de datos.txt,,1,2.4696712493896484
SjdXx7TUQi4,2024 11 13 17 34 21 Bases de datos,https://www.youtube.com/watch?v=SjdXx7TUQi4,ok,/var/www/html/amanda/transcripciones/SjdXx7TUQi4 - 2024 11 13 17 34 21 Bases de datos.txt,,1,2.436065196990967
v6l95HAKLys,2024 11 13 18 10 26 Bases de datos,https://www.youtube.com/watch?v=v6l95HAKLys,ok,/var/www/html/amanda/transcripciones/v6l95HAKLys - 2024 11 13 18 10 26 Bases de datos.txt,,1,2.230196714401245
ny4WzJEdUME,2024 11 27 17 43 09 Bases de datos,https://www.youtube.com/watch?v=ny4WzJEdUME,ok,/var/www/html/amanda/transcripciones/ny4WzJEdUME - 2024 11 27 17 43 09 Bases de datos.txt,,1,3.049546957015991
IFGS_RFIL6E,2024 12 04 17 59 49 Bases de datos,https://www.youtube.com/watch?v=IFGS_RFIL6E,other_error,,No hay subtítulos manuales ni automáticos disponibles para este vídeo.,1,1.8066253662109375
r9_lLhGyqzk,2024 12 11 18 32 23 Bases de datos,https://www.youtube.com/watch?v=r9_lLhGyqzk,ok,/var/www/html/amanda/transcripciones/r9_lLhGyqzk - 2024 12 11 18 32 23 Bases de datos.txt,,1,2.7478549480438232
iQz_dFOmDgo,2024 12 11 19 21 51 Bases de datos,https://www.youtube.com/watch?v=iQz_dFOmDgo,ok,/var/www/html/amanda/transcripciones/iQz_dFOmDgo - 2024 12 11 19 21 51 Bases de datos.txt,,1,2.262840509414673
bFBbShw6H_M,2024 12 18 18 28 13 Bases de datos,https://www.youtube.com/watch?v=bFBbShw6H_M,ok,/var/www/html/amanda/transcripciones/bFBbShw6H_M - 2024 12 18 18 28 13 Bases de datos.txt,,1,2.8531992435455322
HvIPFMBIFvM,2025 01 08 18 41 55 Bases de datos,https://www.youtube.com/watch?v=HvIPFMBIFvM,ok,/var/www/html/amanda/transcripciones/HvIPFMBIFvM - 2025 01 08 18 41 55 Bases de datos.txt,,1,2.311866044998169
iOq_A8AkZF4,2025 01 15 18 17 11 Bases de datos,https://www.youtube.com/watch?v=iOq_A8AkZF4,ok,/var/www/html/amanda/transcripciones/iOq_A8AkZF4 - 2025 01 15 18 17 11 Bases de datos.txt,,1,2.749291181564331
4SMcJyScXwg,2025 01 22 17 01 44 Bases de datos,https://www.youtube.com/watch?v=4SMcJyScXwg,ok,/var/www/html/amanda/transcripciones/4SMcJyScXwg - 2025 01 22 17 01 44 Bases de datos.txt,,1,2.377772331237793
eK4CaK5rXfc,2025 01 29 17 56 51 Bases de datos,https://www.youtube.com/watch?v=eK4CaK5rXfc,ok,/var/www/html/amanda/transcripciones/eK4CaK5rXfc - 2025 01 29 17 56 51 Bases de datos.txt,,1,2.630845546722412
jjvZ9Hgn8WI,2025 01 29 19 11 57 Bases de datos,https://www.youtube.com/watch?v=jjvZ9Hgn8WI,ok,/var/www/html/amanda/transcripciones/jjvZ9Hgn8WI - 2025 01 29 19 11 57 Bases de datos.txt,,1,2.389516830444336
w0QWdXKDWaw,2025 02 26 18 23 31 Bases de datos,https://www.youtube.com/watch?v=w0QWdXKDWaw,ok,/var/www/html/amanda/transcripciones/w0QWdXKDWaw - 2025 02 26 18 23 31 Bases de datos.txt,,1,2.6644487380981445
1rtZ1DAsd0w,2025 02 12 19 57 54 Bases de datos,https://www.youtube.com/watch?v=1rtZ1DAsd0w,ok,/var/www/html/amanda/transcripciones/1rtZ1DAsd0w - 2025 02 12 19 57 54 Bases de datos.txt,,1,2.5363998413085938
AzTiAplgTEk,2025 03 05 17 55 42 Bases de datos,https://www.youtube.com/watch?v=AzTiAplgTEk,ok,/var/www/html/amanda/transcripciones/AzTiAplgTEk - 2025 03 05 17 55 42 Bases de datos.txt,,1,2.4984652996063232
3plH_wO-tQc,2025 03 12 16 29 29 Bases de datos,https://www.youtube.com/watch?v=3plH_wO-tQc,ok,/var/www/html/amanda/transcripciones/3plH_wO-tQc - 2025 03 12 16 29 29 Bases de datos.txt,,1,2.477024793624878
JqOe24RaUxc,2025 03 26 18 13 42 Bases de datos,https://www.youtube.com/watch?v=JqOe24RaUxc,ok,/var/www/html/amanda/transcripciones/JqOe24RaUxc - 2025 03 26 18 13 42 Bases de datos.txt,,1,2.705267906188965
16FJxTUNCFk,2025 04 02 17 39 28 Bases de datos,https://www.youtube.com/watch?v=16FJxTUNCFk,ok,/var/www/html/amanda/transcripciones/16FJxTUNCFk - 2025 04 02 17 39 28 Bases de datos.txt,,1,2.379038095474243
ZcdjEMMw2nQ,2025 04 09 18 56 59 Bases de datos,https://www.youtube.com/watch?v=ZcdjEMMw2nQ,ok,/var/www/html/amanda/transcripciones/ZcdjEMMw2nQ - 2025 04 09 18 56 59 Bases de datos.txt,,1,3.0342319011688232
19ytHnaGMxU,2025 02 11 18 08 32 Procesos,https://www.youtube.com/watch?v=19ytHnaGMxU,ok,/var/www/html/amanda/transcripciones/19ytHnaGMxU - 2025 02 11 18 08 32 Procesos.txt,,1,2.444749355316162
JE_bk1C_u-o,2025 02 11 15 09 05   Procesos,https://www.youtube.com/watch?v=JE_bk1C_u-o,ok,/var/www/html/amanda/transcripciones/JE_bk1C_u-o - 2025 02 11 15 09 05 Procesos.txt,,1,2.4704627990722656
lY8iTZNcJTY,2025 02 04 18 02 11 Procesos,https://www.youtube.com/watch?v=lY8iTZNcJTY,ok,/var/www/html/amanda/transcripciones/lY8iTZNcJTY - 2025 02 04 18 02 11 Procesos.txt,,1,2.6220030784606934
wbOPSGb7-HU,2025 02 04 15 04 53 Procesos,https://www.youtube.com/watch?v=wbOPSGb7-HU,ok,/var/www/html/amanda/transcripciones/wbOPSGb7-HU - 2025 02 04 15 04 53 Procesos.txt,,1,2.846956491470337
AHZHIrijrDA,2025 01 28 18 02 54 Procesos,https://www.youtube.com/watch?v=AHZHIrijrDA,ok,/var/www/html/amanda/transcripciones/AHZHIrijrDA - 2025 01 28 18 02 54 Procesos.txt,,1,2.781609058380127
vD2Nh89-ix8,2025 01 28 15 02 56 Procesos,https://www.youtube.com/watch?v=vD2Nh89-ix8,ok,/var/www/html/amanda/transcripciones/vD2Nh89-ix8 - 2025 01 28 15 02 56 Procesos.txt,,1,2.696179151535034
Du4dzl2ApNU,2025 01 21 18 07 43 Procesos,https://www.youtube.com/watch?v=Du4dzl2ApNU,ok,/var/www/html/amanda/transcripciones/Du4dzl2ApNU - 2025 01 21 18 07 43 Procesos.txt,,1,2.1427011489868164
htTzVl4wIUA,2025 01 21 15 00 45 Procesos,https://www.youtube.com/watch?v=htTzVl4wIUA,ok,/var/www/html/amanda/transcripciones/htTzVl4wIUA - 2025 01 21 15 00 45 Procesos.txt,,1,2.4474432468414307
S3gTjyB7mIs,2025 01 14 18 12 00 Procesos,https://www.youtube.com/watch?v=S3gTjyB7mIs,ok,/var/www/html/amanda/transcripciones/S3gTjyB7mIs - 2025 01 14 18 12 00 Procesos.txt,,1,2.351821184158325
CvfCZ5cAKjA,2025 01 14 15 00 52 Procesos,https://www.youtube.com/watch?v=CvfCZ5cAKjA,ok,/var/www/html/amanda/transcripciones/CvfCZ5cAKjA - 2025 01 14 15 00 52 Procesos.txt,,1,2.94922137260437
vAqd3rOZxYo,2025 01 07 19 05 08 Procesos,https://www.youtube.com/watch?v=vAqd3rOZxYo,ok,/var/www/html/amanda/transcripciones/vAqd3rOZxYo - 2025 01 07 19 05 08 Procesos.txt,,1,2.6765356063842773
aoyC-gOO6hI,2024 12 17 18 07 52 Procesos,https://www.youtube.com/watch?v=aoyC-gOO6hI,ok,/var/www/html/amanda/transcripciones/aoyC-gOO6hI - 2024 12 17 18 07 52 Procesos.txt,,1,2.242626905441284
lNA3_yrsVJ4,2024 12 17 15 01 58 Procesos,https://www.youtube.com/watch?v=lNA3_yrsVJ4,ok,/var/www/html/amanda/transcripciones/lNA3_yrsVJ4 - 2024 12 17 15 01 58 Procesos.txt,,1,2.172879934310913
xJ09YNsajTY,2024 12 10 15 37 53 Procesos,https://www.youtube.com/watch?v=xJ09YNsajTY,ok,/var/www/html/amanda/transcripciones/xJ09YNsajTY - 2024 12 10 15 37 53 Procesos.txt,,1,2.66333270072937
c0iPCEAd9B0,2024 12 10 15 01 55 Procesos,https://www.youtube.com/watch?v=c0iPCEAd9B0,ok,/var/www/html/amanda/transcripciones/c0iPCEAd9B0 - 2024 12 10 15 01 55 Procesos.txt,,1,2.388336181640625
660ZUlOBBiU,2024 12 03 17 18 00 Procesos,https://www.youtube.com/watch?v=660ZUlOBBiU,ok,/var/www/html/amanda/transcripciones/660ZUlOBBiU - 2024 12 03 17 18 00 Procesos.txt,,1,2.489917039871216
ED7f7rgU1Ic,2024 12 03 15 02 37 Procesos,https://www.youtube.com/watch?v=ED7f7rgU1Ic,other_error,,No hay subtítulos manuales ni automáticos disponibles para este vídeo.,1,2.0519278049468994
DV4uzBbSrCc,2024 11 19 18 06 26 Procesos,https://www.youtube.com/watch?v=DV4uzBbSrCc,ok,/var/www/html/amanda/transcripciones/DV4uzBbSrCc - 2024 11 19 18 06 26 Procesos.txt,,1,2.4703643321990967
3ch25p200Po,2024 11 19 15 24 53 Procesos,https://www.youtube.com/watch?v=3ch25p200Po,ok,/var/www/html/amanda/transcripciones/3ch25p200Po - 2024 11 19 15 24 53 Procesos.txt,,1,2.344825267791748
G1jU5BEmOt0,2024 11 19 14 59 48 Procesos,https://www.youtube.com/watch?v=G1jU5BEmOt0,ok,/var/www/html/amanda/transcripciones/G1jU5BEmOt0 - 2024 11 19 14 59 48 Procesos.txt,,1,2.3222122192382812
twiskVMwiqY,2024 11 12 18 03 10 Procesos,https://www.youtube.com/watch?v=twiskVMwiqY,ok,/var/www/html/amanda/transcripciones/twiskVMwiqY - 2024 11 12 18 03 10 Procesos.txt,,1,2.396212577819824
rAhbf4a0vfU,2024 11 12 15 35 16 Procesos,https://www.youtube.com/watch?v=rAhbf4a0vfU,ok,/var/www/html/amanda/transcripciones/rAhbf4a0vfU - 2024 11 12 15 35 16 Procesos.txt,,1,2.76167631149292
6DPGIlGG6cY,2024 11 12 15 02 52 Procesos,https://www.youtube.com/watch?v=6DPGIlGG6cY,ok,/var/www/html/amanda/transcripciones/6DPGIlGG6cY - 2024 11 12 15 02 52 Procesos.txt,,1,2.3155574798583984
OWKQgxhy1J8,2024 11 05 18 02 00 Procesos,https://www.youtube.com/watch?v=OWKQgxhy1J8,ok,/var/www/html/amanda/transcripciones/OWKQgxhy1J8 - 2024 11 05 18 02 00 Procesos.txt,,1,2.3932535648345947
PQn9t8ZOV2Q,2024 11 05 15 01 53 Procesos,https://www.youtube.com/watch?v=PQn9t8ZOV2Q,ok,/var/www/html/amanda/transcripciones/PQn9t8ZOV2Q - 2024 11 05 15 01 53 Procesos.txt,,1,2.6846258640289307
fJMTVlJS0MY,2024 10 29 18 01 31 Procesos,https://www.youtube.com/watch?v=fJMTVlJS0MY,ok,/var/www/html/amanda/transcripciones/fJMTVlJS0MY - 2024 10 29 18 01 31 Procesos.txt,,1,2.4731242656707764
TJcTu8_Kw-Y,2024 10 29 15 01 40 Procesos,https://www.youtube.com/watch?v=TJcTu8_Kw-Y,ok,/var/www/html/amanda/transcripciones/TJcTu8_Kw-Y - 2024 10 29 15 01 40 Procesos.txt,,1,2.549567699432373
tmzzEPUikZ0,2024 10 22 17 59 18 Procesos,https://www.youtube.com/watch?v=tmzzEPUikZ0,ok,/var/www/html/amanda/transcripciones/tmzzEPUikZ0 - 2024 10 22 17 59 18 Procesos.txt,,1,2.4178152084350586
pT_DQnJf7KQ,2024 10 22 15 03 39 Procesos,https://www.youtube.com/watch?v=pT_DQnJf7KQ,ok,/var/www/html/amanda/transcripciones/pT_DQnJf7KQ - 2024 10 22 15 03 39 Procesos.txt,,1,2.404039144515991
rRSH6PCeL34,2024 10 15 18 13 34 Procesos,https://www.youtube.com/watch?v=rRSH6PCeL34,ok,/var/www/html/amanda/transcripciones/rRSH6PCeL34 - 2024 10 15 18 13 34 Procesos.txt,,1,2.083184003829956
dMOK0d7DMlM,2024 10 15 18 03 50 Procesos,https://www.youtube.com/watch?v=dMOK0d7DMlM,ok,/var/www/html/amanda/transcripciones/dMOK0d7DMlM - 2024 10 15 18 03 50 Procesos.txt,,1,2.0308845043182373
S2Bzt-DUwaM,2024 10 15 15 02 20 Procesos,https://www.youtube.com/watch?v=S2Bzt-DUwaM,ok,/var/www/html/amanda/transcripciones/S2Bzt-DUwaM - 2024 10 15 15 02 20 Procesos.txt,,1,2.284818649291992
VQ5qyRzYpiQ,2024 10 08 18 06 19 Procesos,https://www.youtube.com/watch?v=VQ5qyRzYpiQ,ok,/var/www/html/amanda/transcripciones/VQ5qyRzYpiQ - 2024 10 08 18 06 19 Procesos.txt,,1,2.423954963684082
KTYmMBFIyv0,2024 10 08 15 03 14 Procesos,https://www.youtube.com/watch?v=KTYmMBFIyv0,ok,/var/www/html/amanda/transcripciones/KTYmMBFIyv0 - 2024 10 08 15 03 14 Procesos.txt,,1,2.29978609085083
3a-4gVPMhSQ,2024 10 01 18 01 14 Procesos,https://www.youtube.com/watch?v=3a-4gVPMhSQ,ok,/var/www/html/amanda/transcripciones/3a-4gVPMhSQ - 2024 10 01 18 01 14 Procesos.txt,,1,2.3803367614746094
2wCQXjQlKjw,2024 10 01 15 32 23 Procesos,https://www.youtube.com/watch?v=2wCQXjQlKjw,ok,/var/www/html/amanda/transcripciones/2wCQXjQlKjw - 2024 10 01 15 32 23 Procesos.txt,,1,2.118497610092163
IhWM5FYp9S0,2024 10 01 15 00 34 Procesos,https://www.youtube.com/watch?v=IhWM5FYp9S0,ok,/var/www/html/amanda/transcripciones/IhWM5FYp9S0 - 2024 10 01 15 00 34 Procesos.txt,,1,2.4163529872894287
t9GTF3PyWIk,2024 09 24 18 02 36 Procesos,https://www.youtube.com/watch?v=t9GTF3PyWIk,ok,/var/www/html/amanda/transcripciones/t9GTF3PyWIk - 2024 09 24 18 02 36 Procesos.txt,,1,2.441598892211914
WCfaGX0BrWc,2024 09 24 15 02 54 Procesos,https://www.youtube.com/watch?v=WCfaGX0BrWc,ok,/var/www/html/amanda/transcripciones/WCfaGX0BrWc - 2024 09 24 15 02 54 Procesos.txt,,1,2.414735794067383
MvsBfxabWMM,2024 09 17 19 57 37 Procesos y servicios,https://www.youtube.com/watch?v=MvsBfxabWMM,ok,/var/www/html/amanda/transcripciones/MvsBfxabWMM - 2024 09 17 19 57 37 Procesos y servicios.txt,,1,2.3409841060638428
FGK0BBzG2iQ,2024 09 17 15 02 03 Procesos y Servicios,https://www.youtube.com/watch?v=FGK0BBzG2iQ,ok,/var/www/html/amanda/transcripciones/FGK0BBzG2iQ - 2024 09 17 15 02 03 Procesos y Servicios.txt,,1,2.4252312183380127
1lu24ZdOq6A,2025 02 11 19 19 48 Acceso,https://www.youtube.com/watch?v=1lu24ZdOq6A,ok,/var/www/html/amanda/transcripciones/1lu24ZdOq6A - 2025 02 11 19 19 48 Acceso.txt,,1,2.7682600021362305
11BMo1H_yCc,2025 02 04 19 06 04 Acceso a datos,https://www.youtube.com/watch?v=11BMo1H_yCc,ok,/var/www/html/amanda/transcripciones/11BMo1H_yCc - 2025 02 04 19 06 04 Acceso a datos.txt,,1,2.607445478439331
PZhVJNdCjvg,2025 01 28 19 12 51 Acceso a datos,https://www.youtube.com/watch?v=PZhVJNdCjvg,ok,/var/www/html/amanda/transcripciones/PZhVJNdCjvg - 2025 01 28 19 12 51 Acceso a datos.txt,,1,2.3421010971069336
NyEZxRNCYpg,2025 01 21 19 08 48 Acceso,https://www.youtube.com/watch?v=NyEZxRNCYpg,ok,/var/www/html/amanda/transcripciones/NyEZxRNCYpg - 2025 01 21 19 08 48 Acceso.txt,,1,2.4739866256713867
TZkUBB5nY9c,2025 01 14 20 17 56 Acceso a datos,https://www.youtube.com/watch?v=TZkUBB5nY9c,ok,/var/www/html/amanda/transcripciones/TZkUBB5nY9c - 2025 01 14 20 17 56 Acceso a datos.txt,,1,2.519080877304077
5ewmfIb-fzw,2025 01 14 18 56 32 Acceso a datos,https://www.youtube.com/watch?v=5ewmfIb-fzw,ok,/var/www/html/amanda/transcripciones/5ewmfIb-fzw - 2025 01 14 18 56 32 Acceso a datos.txt,,1,3.002795934677124
riFqNaboHDo,2025 01 07 19 51 59 Acceso a datos,https://www.youtube.com/watch?v=riFqNaboHDo,ok,/var/www/html/amanda/transcripciones/riFqNaboHDo - 2025 01 07 19 51 59 Acceso a datos.txt,,1,2.467257022857666
9W-WyFFbz_c,2024 12 17 19 08 41 Acceso,https://www.youtube.com/watch?v=9W-WyFFbz_c,ok,/var/www/html/amanda/transcripciones/9W-WyFFbz_c - 2024 12 17 19 08 41 Acceso.txt,,1,2.4259753227233887
_iqVu0gVYcM,2024 12 17 18 53 28 Acceso,https://www.youtube.com/watch?v=_iqVu0gVYcM,ok,/var/www/html/amanda/transcripciones/_iqVu0gVYcM - 2024 12 17 18 53 28 Acceso.txt,,1,2.2533152103424072
eTJmr4fAI0A,2024 12 10 19 05 44 Acceso,https://www.youtube.com/watch?v=eTJmr4fAI0A,ok,/var/www/html/amanda/transcripciones/eTJmr4fAI0A - 2024 12 10 19 05 44 Acceso.txt,,1,2.6216859817504883
m-oMuGQy-ZM,2024 12 03 19 03 35 Acceso a datos,https://www.youtube.com/watch?v=m-oMuGQy-ZM,ok,/var/www/html/amanda/transcripciones/m-oMuGQy-ZM - 2024 12 03 19 03 35 Acceso a datos.txt,,1,2.654812812805176
RfZR4NfLc3g,2024 12 03 18 00 41 Acceso a datos,https://www.youtube.com/watch?v=RfZR4NfLc3g,ok,/var/www/html/amanda/transcripciones/RfZR4NfLc3g - 2024 12 03 18 00 41 Acceso a datos.txt,,1,2.3552820682525635
AUYdqYmQ_1k,2024 11 19 19 05 02 Acceso a datos,https://www.youtube.com/watch?v=AUYdqYmQ_1k,ok,/var/www/html/amanda/transcripciones/AUYdqYmQ_1k - 2024 11 19 19 05 02 Acceso a datos.txt,,1,2.6913182735443115
kIJa3sU4H70,2024 11 12 18 58 23 Acceso a datos,https://www.youtube.com/watch?v=kIJa3sU4H70,ok,/var/www/html/amanda/transcripciones/kIJa3sU4H70 - 2024 11 12 18 58 23 Acceso a datos.txt,,1,2.4721951484680176
rP0_zSKcVAo,2024 11 05 19 02 16 Acceso a datos,https://www.youtube.com/watch?v=rP0_zSKcVAo,ok,/var/www/html/amanda/transcripciones/rP0_zSKcVAo - 2024 11 05 19 02 16 Acceso a datos.txt,,1,2.492359161376953
3RYl4g_9yFk,2024 10 29 19 03 52 Acceso a datos,https://www.youtube.com/watch?v=3RYl4g_9yFk,ok,/var/www/html/amanda/transcripciones/3RYl4g_9yFk - 2024 10 29 19 03 52 Acceso a datos.txt,,1,2.3676602840423584
8qIye-l7z7o,2024 10 22 19 03 37 Acceso,https://www.youtube.com/watch?v=8qIye-l7z7o,ok,/var/www/html/amanda/transcripciones/8qIye-l7z7o - 2024 10 22 19 03 37 Acceso.txt,,1,2.6992130279541016
QViwvUaqetY,2024 10 15 19 36 19 Acceso a datos,https://www.youtube.com/watch?v=QViwvUaqetY,ok,/var/www/html/amanda/transcripciones/QViwvUaqetY - 2024 10 15 19 36 19 Acceso a datos.txt,,1,2.7320261001586914
Yb99qpr-DHE,2024 10 15 18 31 44 Acceso a datos,https://www.youtube.com/watch?v=Yb99qpr-DHE,ok,/var/www/html/amanda/transcripciones/Yb99qpr-DHE - 2024 10 15 18 31 44 Acceso a datos.txt,,1,2.5120460987091064
Zz7ccsLv4hc,2024 10 08 19 04 49 Acceso a datos,https://www.youtube.com/watch?v=Zz7ccsLv4hc,ok,/var/www/html/amanda/transcripciones/Zz7ccsLv4hc - 2024 10 08 19 04 49 Acceso a datos.txt,,1,2.396888494491577
tgeWM5n83Is,2024 10 01 19 07 04 Acceso a datos,https://www.youtube.com/watch?v=tgeWM5n83Is,ok,/var/www/html/amanda/transcripciones/tgeWM5n83Is - 2024 10 01 19 07 04 Acceso a datos.txt,,1,2.5003864765167236
-Iok8Can8dw,2024 09 24 19 03 55 Acceso,https://www.youtube.com/watch?v=-Iok8Can8dw,ok,/var/www/html/amanda/transcripciones/-Iok8Can8dw - 2024 09 24 19 03 55 Acceso.txt,,1,2.6770942211151123
5bkkh9IWNpI,2024 09 17 18 05 49 Acceso a datos,https://www.youtube.com/watch?v=5bkkh9IWNpI,ok,/var/www/html/amanda/transcripciones/5bkkh9IWNpI - 2024 09 17 18 05 49 Acceso a datos.txt,,1,2.5967447757720947
J_t4zw_liKY,2025 02 17 15 13 52 Sistemas,https://www.youtube.com/watch?v=J_t4zw_liKY,ok,/var/www/html/amanda/transcripciones/J_t4zw_liKY - 2025 02 17 15 13 52 Sistemas.txt,,1,2.3513028621673584
N_LgpLSeD4w,2025 02 13 16 07 03 Sistemas,https://www.youtube.com/watch?v=N_LgpLSeD4w,ok,/var/www/html/amanda/transcripciones/N_LgpLSeD4w - 2025 02 13 16 07 03 Sistemas.txt,,1,2.3665153980255127
3nDd0WS0zhM,2025 02 13 15 02 19 Sistemas,https://www.youtube.com/watch?v=3nDd0WS0zhM,ok,/var/www/html/amanda/transcripciones/3nDd0WS0zhM - 2025 02 13 15 02 19 Sistemas.txt,,1,2.2887444496154785
X5K8JjyXawI,2025 02 03 15 55 54 SSGG,https://www.youtube.com/watch?v=X5K8JjyXawI,ok,/var/www/html/amanda/transcripciones/X5K8JjyXawI - 2025 02 03 15 55 54 SSGG.txt,,1,2.558319568634033
zowDFAnNjOQ,2025 02 03 15 05 00 SSGG,https://www.youtube.com/watch?v=zowDFAnNjOQ,ok,/var/www/html/amanda/transcripciones/zowDFAnNjOQ - 2025 02 03 15 05 00 SSGG.txt,,1,2.327852725982666
0zT0fjtfKvk,2025 01 27 15 05 26 SSGG,https://www.youtube.com/watch?v=0zT0fjtfKvk,ok,/var/www/html/amanda/transcripciones/0zT0fjtfKvk - 2025 01 27 15 05 26 SSGG.txt,,1,2.3566579818725586
-tfOR-7-ot0,2025 01 20 15 02 58 SSGG,https://www.youtube.com/watch?v=-tfOR-7-ot0,ok,/var/www/html/amanda/transcripciones/-tfOR-7-ot0 - 2025 01 20 15 02 58 SSGG.txt,,1,2.265625476837158
EtSSYwFzDoI,2025 01 13 15 01 20 Sistemas de gestion,https://www.youtube.com/watch?v=EtSSYwFzDoI,ok,/var/www/html/amanda/transcripciones/EtSSYwFzDoI - 2025 01 13 15 01 20 Sistemas de gestion.txt,,1,2.6568472385406494
w5-ndTuHh8U,2025 01 07 15 38 28 SSGG,https://www.youtube.com/watch?v=w5-ndTuHh8U,ok,/var/www/html/amanda/transcripciones/w5-ndTuHh8U - 2025 01 07 15 38 28 SSGG.txt,,1,2.2140302658081055
pMB1MM_yzGo,2025 01 07 15 02 14 SSGG,https://www.youtube.com/watch?v=pMB1MM_yzGo,ok,/var/www/html/amanda/transcripciones/pMB1MM_yzGo - 2025 01 07 15 02 14 SSGG.txt,,1,2.3262643814086914
TObfVjd18bU,2024 12 16 15 04 58 SSGG,https://www.youtube.com/watch?v=TObfVjd18bU,ok,/var/www/html/amanda/transcripciones/TObfVjd18bU - 2024 12 16 15 04 58 SSGG.txt,,1,2.3436851501464844
zN-otiIFUus,2024 12 09 15 03 27 SSGG,https://www.youtube.com/watch?v=zN-otiIFUus,ok,/var/www/html/amanda/transcripciones/zN-otiIFUus - 2024 12 09 15 03 27 SSGG.txt,,1,2.5563485622406006
FPJU2TlNpwg,2024 12 02 15 49 42 SSGG,https://www.youtube.com/watch?v=FPJU2TlNpwg,ok,/var/www/html/amanda/transcripciones/FPJU2TlNpwg - 2024 12 02 15 49 42 SSGG.txt,,1,2.669480323791504
K5qtKM0zilo,2024 12 02 15 11 37 SSGG,https://www.youtube.com/watch?v=K5qtKM0zilo,ok,/var/www/html/amanda/transcripciones/K5qtKM0zilo - 2024 12 02 15 11 37 SSGG.txt,,1,2.4799959659576416
E12FlCM5aI0,2024 11 18 16 53 33 SSGG,https://www.youtube.com/watch?v=E12FlCM5aI0,ok,/var/www/html/amanda/transcripciones/E12FlCM5aI0 - 2024 11 18 16 53 33 SSGG.txt,,1,2.707125425338745
j0DFdwaUabw,2024 11 18 15 16 14 SSGG,https://www.youtube.com/watch?v=j0DFdwaUabw,ok,/var/www/html/amanda/transcripciones/j0DFdwaUabw - 2024 11 18 15 16 14 SSGG.txt,,1,2.6074793338775635
bpoy7cDhEsQ,2024 11 11 18 36 56 SSGG,https://www.youtube.com/watch?v=bpoy7cDhEsQ,ok,/var/www/html/amanda/transcripciones/bpoy7cDhEsQ - 2024 11 11 18 36 56 SSGG.txt,,1,2.4542834758758545
uwrMsmDlPQ4,2024 11 11 17 07 19 SSGG,https://www.youtube.com/watch?v=uwrMsmDlPQ4,ok,/var/www/html/amanda/transcripciones/uwrMsmDlPQ4 - 2024 11 11 17 07 19 SSGG.txt,,1,2.524467945098877
5jAqDwS5dfM,2024 11 11 15 05 26 SSGG,https://www.youtube.com/watch?v=5jAqDwS5dfM,ok,/var/www/html/amanda/transcripciones/5jAqDwS5dfM - 2024 11 11 15 05 26 SSGG.txt,,1,2.762599229812622
wMR6E95iSOo,2024 11 04 15 04 49 SSGG,https://www.youtube.com/watch?v=wMR6E95iSOo,ok,/var/www/html/amanda/transcripciones/wMR6E95iSOo - 2024 11 04 15 04 49 SSGG.txt,,1,2.441112518310547
KbF71eC8ljc,2024 10 28 15 01 30 SSGG,https://www.youtube.com/watch?v=KbF71eC8ljc,ok,/var/www/html/amanda/transcripciones/KbF71eC8ljc - 2024 10 28 15 01 30 SSGG.txt,,1,2.30627703666687
JUzCUvx31Aw,2024 10 21 15 02 17 SSGG,https://www.youtube.com/watch?v=JUzCUvx31Aw,ok,/var/www/html/amanda/transcripciones/JUzCUvx31Aw - 2024 10 21 15 02 17 SSGG.txt,,1,2.7929787635803223
GvL7FBp8jQk,2024 10 14 15 00 36 SSGG,https://www.youtube.com/watch?v=GvL7FBp8jQk,ok,/var/www/html/amanda/transcripciones/GvL7FBp8jQk - 2024 10 14 15 00 36 SSGG.txt,,1,2.232811212539673
DgIg5qB2hBc,2024 10 07 15 06 57 SSGG,https://www.youtube.com/watch?v=DgIg5qB2hBc,ok,/var/www/html/amanda/transcripciones/DgIg5qB2hBc - 2024 10 07 15 06 57 SSGG.txt,,1,2.4802112579345703
PZvYIGLo0cI,2024 09 30 15 00 33 SSGG,https://www.youtube.com/watch?v=PZvYIGLo0cI,ok,/var/www/html/amanda/transcripciones/PZvYIGLo0cI - 2024 09 30 15 00 33 SSGG.txt,,1,2.264261484146118
1B06SiYAcXE,2024 09 23 15 00 47 Sistemas de gestión empresarial,https://www.youtube.com/watch?v=1B06SiYAcXE,ok,/var/www/html/amanda/transcripciones/1B06SiYAcXE - 2024 09 23 15 00 47 Sistemas de gestión empresarial.txt,,1,2.703902006149292
J7niVLzvh5s,2024 09 16 15 32 48 SSGG,https://www.youtube.com/watch?v=J7niVLzvh5s,ok,/var/www/html/amanda/transcripciones/J7niVLzvh5s - 2024 09 16 15 32 48 SSGG.txt,,1,2.36789608001709
LvCWw01oO6c,2024 09 16 15 09 40 SSGG,https://www.youtube.com/watch?v=LvCWw01oO6c,ok,/var/www/html/amanda/transcripciones/LvCWw01oO6c - 2024 09 16 15 09 40 SSGG.txt,,1,2.29687762260437
ruuPTmqQqKA,[Deleted video],https://www.youtube.com/watch?v=ruuPTmqQqKA,other_error,,No hay subtítulos manuales ni automáticos disponibles para este vídeo.,1,1.055037021636963
UrjKAEF8P1E,2025 02 03 20 03 35 Interfaces,https://www.youtube.com/watch?v=UrjKAEF8P1E,ok,/var/www/html/amanda/transcripciones/UrjKAEF8P1E - 2025 02 03 20 03 35 Interfaces.txt,,1,2.36173939704895
moaPi08lads,2025 02 03 19 19 49 Interfaces,https://www.youtube.com/watch?v=moaPi08lads,ok,/var/www/html/amanda/transcripciones/moaPi08lads - 2025 02 03 19 19 49 Interfaces.txt,,1,2.284792423248291
gIRaZ9q3GAQ,2025 01 27 18 48 20 Interfaces,https://www.youtube.com/watch?v=gIRaZ9q3GAQ,ok,/var/www/html/amanda/transcripciones/gIRaZ9q3GAQ - 2025 01 27 18 48 20 Interfaces.txt,,1,2.4632303714752197
onv2_Zm8VhM,2025 01 20 19 50 08 Interfaces,https://www.youtube.com/watch?v=onv2_Zm8VhM,ok,/var/www/html/amanda/transcripciones/onv2_Zm8VhM - 2025 01 20 19 50 08 Interfaces.txt,,1,2.470118999481201
NczMaylpq5o,2025 01 20 19 07 07 Interfaces,https://www.youtube.com/watch?v=NczMaylpq5o,ok,/var/www/html/amanda/transcripciones/NczMaylpq5o - 2025 01 20 19 07 07 Interfaces.txt,,1,2.292877435684204
q7Dh9-5CkQA,2025 01 13 19 03 43 Interfaces,https://www.youtube.com/watch?v=q7Dh9-5CkQA,ok,/var/www/html/amanda/transcripciones/q7Dh9-5CkQA - 2025 01 13 19 03 43 Interfaces.txt,,1,2.6935677528381348
jMm_3jv8ymY,2025 01 07 18 13 03 Interfaces,https://www.youtube.com/watch?v=jMm_3jv8ymY,ok,/var/www/html/amanda/transcripciones/jMm_3jv8ymY - 2025 01 07 18 13 03 Interfaces.txt,,1,2.316138744354248
8kJlX4FVSJA,2024 12 16 20 26 21 Interfaces,https://www.youtube.com/watch?v=8kJlX4FVSJA,ok,/var/www/html/amanda/transcripciones/8kJlX4FVSJA - 2024 12 16 20 26 21 Interfaces.txt,,1,2.3341450691223145
Iv-bN7cbJIk,2024 12 16 19 05 46 Interfaces,https://www.youtube.com/watch?v=Iv-bN7cbJIk,ok,/var/www/html/amanda/transcripciones/Iv-bN7cbJIk - 2024 12 16 19 05 46 Interfaces.txt,,1,2.2291297912597656
lWileRLvFq0,2024 12 09 19 00 01 Interfaces,https://www.youtube.com/watch?v=lWileRLvFq0,ok,/var/www/html/amanda/transcripciones/lWileRLvFq0 - 2024 12 09 19 00 01 Interfaces.txt,,1,2.390589475631714
89SXY4cPAy8,2024 12 02 19 03 47 Interfaces,https://www.youtube.com/watch?v=89SXY4cPAy8,ok,/var/www/html/amanda/transcripciones/89SXY4cPAy8 - 2024 12 02 19 03 47 Interfaces.txt,,1,2.766829013824463
JK69fUN32nY,2024 11 18 18 59 01 Interfaces,https://www.youtube.com/watch?v=JK69fUN32nY,ok,/var/www/html/amanda/transcripciones/JK69fUN32nY - 2024 11 18 18 59 01 Interfaces.txt,,1,2.4155943393707275
xgLLoYXjx5E,2024 11 11 20 14 51 Interfaces,https://www.youtube.com/watch?v=xgLLoYXjx5E,ok,/var/www/html/amanda/transcripciones/xgLLoYXjx5E - 2024 11 11 20 14 51 Interfaces.txt,,1,2.2066423892974854
25nbx3DUS_Y,2024 11 04 18 58 20 Interfaces,https://www.youtube.com/watch?v=25nbx3DUS_Y,ok,/var/www/html/amanda/transcripciones/25nbx3DUS_Y - 2024 11 04 18 58 20 Interfaces.txt,,1,2.516075849533081
J7NKFxHoqXc,2024 10 28 19 02 08 Interfaces,https://www.youtube.com/watch?v=J7NKFxHoqXc,ok,/var/www/html/amanda/transcripciones/J7NKFxHoqXc - 2024 10 28 19 02 08 Interfaces.txt,,1,2.585012674331665
HscK00_Kzn4,2024 10 21 18 58 47 Interfaces,https://www.youtube.com/watch?v=HscK00_Kzn4,ok,/var/www/html/amanda/transcripciones/HscK00_Kzn4 - 2024 10 21 18 58 47 Interfaces.txt,,1,2.4094502925872803
foz4M2JMmIQ,2024 10 14 18 58 08 Interfaces,https://www.youtube.com/watch?v=foz4M2JMmIQ,ok,/var/www/html/amanda/transcripciones/foz4M2JMmIQ - 2024 10 14 18 58 08 Interfaces.txt,,1,2.5488338470458984
Zr7_d4KEtUM,2024 10 07 19 50 42 Interfaces,https://www.youtube.com/watch?v=Zr7_d4KEtUM,ok,/var/www/html/amanda/transcripciones/Zr7_d4KEtUM - 2024 10 07 19 50 42 Interfaces.txt,,1,2.323819398880005
XsfbziZfeTk,2024 10 07 19 43 57 Interfaces,https://www.youtube.com/watch?v=XsfbziZfeTk,ok,/var/www/html/amanda/transcripciones/XsfbziZfeTk - 2024 10 07 19 43 57 Interfaces.txt,,1,2.2224128246307373
Nbi-aXuvQrU,2024 10 07 19 01 57 Interfaces,https://www.youtube.com/watch?v=Nbi-aXuvQrU,ok,/var/www/html/amanda/transcripciones/Nbi-aXuvQrU - 2024 10 07 19 01 57 Interfaces.txt,,1,2.113044023513794
UHCD2HLKyoI,2024 09 30 18 54 25 Interfaces,https://www.youtube.com/watch?v=UHCD2HLKyoI,ok,/var/www/html/amanda/transcripciones/UHCD2HLKyoI - 2024 09 30 18 54 25 Interfaces.txt,,1,2.446589469909668
36Bt50Ke_KM,2024 09 23 18 57 20 Interfaces,https://www.youtube.com/watch?v=36Bt50Ke_KM,ok,/var/www/html/amanda/transcripciones/36Bt50Ke_KM - 2024 09 23 18 57 20 Interfaces.txt,,1,2.616506814956665
cmnW7ENyTro,2024 09 16 19 13 17 Interfaces,https://www.youtube.com/watch?v=cmnW7ENyTro,ok,/var/www/html/amanda/transcripciones/cmnW7ENyTro - 2024 09 16 19 13 17 Interfaces.txt,,1,2.4145379066467285
7PBVCmjU_KI,2024 09 16 18 58 19 Interfaces,https://www.youtube.com/watch?v=7PBVCmjU_KI,ok,/var/www/html/amanda/transcripciones/7PBVCmjU_KI - 2024 09 16 18 58 19 Interfaces.txt,,1,2.6737658977508545
roMhpXC6gJc,[Deleted video],https://www.youtube.com/watch?v=roMhpXC6gJc,other_error,,No hay subtítulos manuales ni automáticos disponibles para este vídeo.,1,0.9201579093933105
yc60h36UlPA,2025 02 17 16 58 26 Multimedia,https://www.youtube.com/watch?v=yc60h36UlPA,ok,/var/www/html/amanda/transcripciones/yc60h36UlPA - 2025 02 17 16 58 26 Multimedia.txt,,1,2.513599157333374
dUCaA4oybZM,2025 02 03 16 53 29 Multimedia,https://www.youtube.com/watch?v=dUCaA4oybZM,ok,/var/www/html/amanda/transcripciones/dUCaA4oybZM - 2025 02 03 16 53 29 Multimedia.txt,,1,2.343459129333496
bzdwEdfW-Ok,2025 01 27 16 52 34 Multimedia,https://www.youtube.com/watch?v=bzdwEdfW-Ok,ok,/var/www/html/amanda/transcripciones/bzdwEdfW-Ok - 2025 01 27 16 52 34 Multimedia.txt,,1,2.5928027629852295
p062KwYac74,2025 01 20 16 49 48 Multimedia,https://www.youtube.com/watch?v=p062KwYac74,ok,/var/www/html/amanda/transcripciones/p062KwYac74 - 2025 01 20 16 49 48 Multimedia.txt,,1,2.438629150390625
lF8e4q9Ce-k,2025 01 13 17 50 40 Multimedia,https://www.youtube.com/watch?v=lF8e4q9Ce-k,ok,/var/www/html/amanda/transcripciones/lF8e4q9Ce-k - 2025 01 13 17 50 40 Multimedia.txt,,1,2.1530649662017822
OyPZHtwnPjA,2025 01 13 17 07 27 Multimedia,https://www.youtube.com/watch?v=OyPZHtwnPjA,ok,/var/www/html/amanda/transcripciones/OyPZHtwnPjA - 2025 01 13 17 07 27 Multimedia.txt,,1,2.3033735752105713
j0RDeht98uw,2024 12 16 18 11 36 Multimedia,https://www.youtube.com/watch?v=j0RDeht98uw,ok,/var/www/html/amanda/transcripciones/j0RDeht98uw - 2024 12 16 18 11 36 Multimedia.txt,,1,2.5590648651123047
B3214BG6fpg,2024 12 16 17 06 54 Multimedia,https://www.youtube.com/watch?v=B3214BG6fpg,ok,/var/www/html/amanda/transcripciones/B3214BG6fpg - 2024 12 16 17 06 54 Multimedia.txt,,1,2.539828300476074
ewGUH32Z3yw,2024 12 09 17 01 40 Multimedia,https://www.youtube.com/watch?v=ewGUH32Z3yw,ok,/var/www/html/amanda/transcripciones/ewGUH32Z3yw - 2024 12 09 17 01 40 Multimedia.txt,,1,2.1942927837371826
7MR_NsX1Ku8,2024 12 02 17 06 35 Multimedia,https://www.youtube.com/watch?v=7MR_NsX1Ku8,ok,/var/www/html/amanda/transcripciones/7MR_NsX1Ku8 - 2024 12 02 17 06 35 Multimedia.txt,,1,2.7529399394989014
hVIqPP0L8xQ,2024 11 18 17 03 03 Multimedia,https://www.youtube.com/watch?v=hVIqPP0L8xQ,ok,/var/www/html/amanda/transcripciones/hVIqPP0L8xQ - 2024 11 18 17 03 03 Multimedia.txt,,1,2.609985828399658
8eQXkVLvwGY,2024 11 11 19 32 26 Multimedia,https://www.youtube.com/watch?v=8eQXkVLvwGY,ok,/var/www/html/amanda/transcripciones/8eQXkVLvwGY - 2024 11 11 19 32 26 Multimedia.txt,,1,2.26883864402771
KnPW4OQL1ks,2024 11 11 19 09 34 SSGG,https://www.youtube.com/watch?v=KnPW4OQL1ks,ok,/var/www/html/amanda/transcripciones/KnPW4OQL1ks - 2024 11 11 19 09 34 SSGG.txt,,1,2.5377588272094727
YeSPu3JqgaI,2024 11 04 17 00 04 Multimedia,https://www.youtube.com/watch?v=YeSPu3JqgaI,ok,/var/www/html/amanda/transcripciones/YeSPu3JqgaI - 2024 11 04 17 00 04 Multimedia.txt,,1,2.3658926486968994
fyK6PgJsdH0,2024 10 28 17 09 16 Multimedia,https://www.youtube.com/watch?v=fyK6PgJsdH0,ok,/var/www/html/amanda/transcripciones/fyK6PgJsdH0 - 2024 10 28 17 09 16 Multimedia.txt,,1,2.448775291442871
RPXSYVFEHhM,2024 10 21 17 13 20 Multimedia,https://www.youtube.com/watch?v=RPXSYVFEHhM,ok,/var/www/html/amanda/transcripciones/RPXSYVFEHhM - 2024 10 21 17 13 20 Multimedia.txt,,1,2.205470561981201
DjoNpCNX1vU,2024 10 14 17 01 18 Multimedia,https://www.youtube.com/watch?v=DjoNpCNX1vU,ok,/var/www/html/amanda/transcripciones/DjoNpCNX1vU - 2024 10 14 17 01 18 Multimedia.txt,,1,2.471710681915283
CdCTRxQDF90,2024 10 07 18 38 24 Multimedia,https://www.youtube.com/watch?v=CdCTRxQDF90,ok,/var/www/html/amanda/transcripciones/CdCTRxQDF90 - 2024 10 07 18 38 24 Multimedia.txt,,1,2.170245885848999
oV_qXVojpYw,2024 10 07 17 00 23 Multimedia,https://www.youtube.com/watch?v=oV_qXVojpYw,ok,/var/www/html/amanda/transcripciones/oV_qXVojpYw - 2024 10 07 17 00 23 Multimedia.txt,,1,2.796961784362793
TxxEEf9jY7g,2024 09 30 18 08 51 Multimedia,https://www.youtube.com/watch?v=TxxEEf9jY7g,ok,/var/www/html/amanda/transcripciones/TxxEEf9jY7g - 2024 09 30 18 08 51 Multimedia.txt,,1,2.1211743354797363
XbmvC1Cyo4A,2024 09 30 17 00 34 Multimedia,https://www.youtube.com/watch?v=XbmvC1Cyo4A,ok,/var/www/html/amanda/transcripciones/XbmvC1Cyo4A - 2024 09 30 17 00 34 Multimedia.txt,,1,2.503140926361084
xdEjnT7zAhI,2024 09 23 16 57 53 Multimedia,https://www.youtube.com/watch?v=xdEjnT7zAhI,ok,/var/www/html/amanda/transcripciones/xdEjnT7zAhI - 2024 09 23 16 57 53 Multimedia.txt,,1,2.592393398284912
Gb32B5ZxWE0,2024 09 16 17 17 18 Multimedia,https://www.youtube.com/watch?v=Gb32B5ZxWE0,ok,/var/www/html/amanda/transcripciones/Gb32B5ZxWE0 - 2024 09 16 17 17 18 Multimedia.txt,,1,2.3491361141204834
sb_6gm91P3s,2024 09 16 17 02 43 Multimedia,https://www.youtube.com/watch?v=sb_6gm91P3s,ok,/var/www/html/amanda/transcripciones/sb_6gm91P3s - 2024 09 16 17 02 43 Multimedia.txt,,1,2.198391914367676
